,DoB,ID,Name,Rating,Subscriber,Education,Gender
0,1965-06-17,fdb5e1c7ab8a4b3584cab05c42be7910,Jason Campbell,1,True,Employed,male
1,1988-07-09,26939ad792414fe5905866db28bd4189,Sabrina Brown,5,True,Employed,female
2,2004-09-22,63fc07d2b6f344a496e5d34b092edbbb,Joseph Lopez,1,True,High Schoool,male
3,1980-11-08,af6d87e4690544a6abed4f06f48bba49,Danielle Garrett,4,False,Employed,female
4,1979-07-12,d1dae2b71e7047e48cb8efd147c8e774,Christopher Anderson,1,False,Employed,male
5,1980-02-29,85194f3ab17e485d9f01e9322d1a92cd,Larry Pacheco,5,True,Employed,male
6,1998-02-17,f247121d3a2a4097ad8f3cc806a0f904,Wayne Jefferson,5,False,Grad,male
7,1966-05-10,60ca90f6b19745a6b59c8f4baa5a0691,Elizabeth Green,4,True,Employed,female
8,1960-12-16,baab3c3e04454d5f94f5e3e1e9698430,Megan Woods,4,False,Employed,female
9,1996-04-25,79124c6187a94fd99bb033686fd1dd0d,Justin Johnson,4,False,Grad,male
10,1989-10-10,1e8825907e3145a68323c64f6b85a573,Erika Hogan,2,True,Employed,female
11,1963-03-26,2d8e4f86d0364ed29c37d6b2acfa0b84,Kimberly Benson,3,False,Employed,female
12,1972-08-22,8a2cb5bb42cb4330b56de598b47755f6,George Carter,1,False,Employed,male
13,1993-01-26,d49451b24b40437d9563285f62a5743c,Frederick Fitzgerald,4,False,Employed,male
14,1963-11-08,29700fcaed154070aebf81bfe6a68532,Marie Scott,4,True,Employed,female
15,1969-12-22,1fe3b76621b940fa89aa597eb38b2ea3,Barry Dean,3,True,Employed,male
16,1964-05-25,c5dc169a1b4b401d8ae2da16e60037dc,Stephen Chavez,5,True,Employed,male
17,1980-04-30,aec02ad62b7a4fa09be6a17848493427,Sarah Schultz,4,False,Employed,female
18,1994-11-19,c24cf62627ac48b2ae1e9c620afdd174,Kevin Johnson,1,False,Employed,male
19,1966-04-01,03736e75b78f4528957ca26de27a02d6,Bryan Martinez,4,False,Employed,male
20,1991-06-29,0fb76c7ee6e3493883b32e9b750f18e0,Susan Dudley,1,True,Employed,female
21,1996-04-15,d370c1334ea54a2cbe6b69b1ca73fcbd,Meredith Mitchell,5,True,Grad,female
22,1979-02-03,91adb0edfea346f88941726673de4224,Justin Bailey,1,True,Employed,male
23,2002-12-04,d46a1faa2fde4268b30afe927c97bbd9,Emily Gonzales,1,False,Undergrad,female
24,1993-02-02,384aa95e1dd9465a99f0e88b733a1f43,Melanie Irwin,1,False,Employed,female
25,1975-04-23,5cccf7514b0d4b37999a3d278a04aea9,Mary Williams,1,True,Employed,female
26,1983-02-06,7e52b173c7fa4affb504249aa2f2bc86,Jonathan Brown,1,True,Employed,male
27,2000-01-07,7facab5964d64ce1a420cad26271b91a,Robert Sullivan,2,False,Undergrad,male
28,1979-10-17,451c2e74d1d94f95be001d4303c28cc2,Mark Duke,1,True,Employed,male
29,1978-10-08,5e3068e500894e0f9795d2d6513d81f7,Matthew Reyes,5,True,Employed,male
30,1989-03-25,4dcc8051b4bd44388e1625c6c84cba40,Erica Hughes,5,False,Employed,female
31,1993-11-20,6e75d503c97a4e7288efcee75c76b856,Tyler Ellis,5,False,Employed,male
32,1968-06-12,b6da043e0b694938a488904fb67e4dc5,Paul Jones,3,False,Employed,male
33,1965-03-20,dea2e26bb9104d70958a832b96684ef5,Margaret Lam,5,False,Employed,female
34,1968-01-07,10b7bcd18d374b14a4ccacec6c581724,Paul Rodriguez,5,False,Employed,male
35,1972-07-08,0ffee5242d7a412a9ac7ceb689ce8f78,Cameron Thompson,4,False,Employed,male
36,2001-04-10,1fe41029771c4b8c91acb147c37ac1ba,Benjamin Bryant,1,False,Undergrad,male
37,1960-11-30,7f955ee6386d484ea73ee0014b9a41b5,Mary Norman,1,True,Employed,female
38,2002-05-07,69a924488b1f447484e1873aff3ece41,Daniel Ferguson,4,False,Undergrad,male
39,1970-03-18,fe522e608cdb45369673514248620364,Ryan Shelton,1,False,Employed,male
40,1998-08-11,48ecb677bfa849d282f0b5bf6d7a5bae,John Smith,1,False,Grad,male
41,1966-04-14,ec5c18a25eb242458a6492bdbe40c898,Carmen Schmidt,1,True,Employed,female
42,1977-07-15,0a4a889055d344d4bbc7521f2a6d0616,Manuel Rivera,4,True,Employed,male
43,1984-08-13,3afd8dbd4a7e4c43a2f09c51b20c569f,Lisa Smith,4,False,Employed,female
44,1976-01-26,6ed55329ac7d4d2094c58a2479831fba,Willie Reese,5,True,Employed,male
45,1975-10-06,bfa5d5ad958b4cdab03bb146eeb3c4b6,Lisa Craig,1,True,Employed,female
46,1967-01-18,5604f1b0b888468687769e882a4ed06c,Jaime Horne,2,True,Employed,female
47,2001-03-15,a87e888e43db4aa6896f885220af77cd,Thomas Medina,5,False,Undergrad,male
48,1983-10-28,7c72f69a539f473bbc795990cd8ccca7,Caroline Baird,5,False,Employed,female
49,1998-11-29,24a60a1ab19d4bb294fac8b9518ee0be,Mark Ward,4,False,Grad,other
50,1963-03-10,c4fdb6ddd2e044e1b8e5e01505172de8,Rebecca Gonzalez,3,True,Employed,female
51,1965-07-21,5b39f79233e1412b90c506864a2ccdd2,Elizabeth Scott,4,True,Employed,female
52,1982-07-12,35b3abaea6ca4fd4bec1be2b19df74c4,Michelle Liu,5,True,Employed,female
53,1974-09-02,cf92f7f8156f49bcabe7e2130bcdf722,Greg Miller,3,False,Employed,male
54,1965-04-08,c193f5a8811c441bb676ce23511809bc,Christian Martin,4,True,Employed,male
55,1969-08-11,2668152937eb481a8718f0b0293aa921,Cynthia Delacruz,5,True,Employed,other
56,1995-05-04,1b7e3e3a8e0c42c3ad97c2be3e0959f9,Cody Gordon,4,False,Employed,male
57,2000-01-23,7b949436879342008592a166e788f5da,Patricia Coleman,1,False,Undergrad,female
58,2001-01-27,f7898cf57aa14bbdb5179ab70ed76f78,Sheri Rodriguez DDS,1,True,Undergrad,female
59,2002-04-07,f6f19771a9844e69af5ed9e928d474ce,Melissa Mcconnell,5,False,Undergrad,female
60,1989-12-11,876d5394a657486582dc54b6fc386b38,Jamie Patrick,2,True,Employed,other
61,1997-04-04,82d6ecdbb8094678889065310ba360df,Amber Patterson,2,True,Grad,female
62,1967-02-14,d32f45f026eb453d99932cc7a819ed0b,Nicholas Elliott,4,False,Employed,male
63,1998-05-29,091211227dde49568b9810d4c3e000e6,Gerald Bell,1,False,Grad,male
64,1981-06-08,3f71ea3f1e62412fb580a622d089217a,Dana Neal,1,False,Employed,female
65,1994-06-06,ea83ff02daeb405da7b51e308bcb1b67,Gerald Douglas,2,False,Employed,male
66,1965-10-27,288caf1ab3f143d19b316a7062eaa0de,James Carpenter,1,True,Employed,male
67,1979-05-13,bb73356bff2c4534bf5ba8278785c6f5,Veronica Houston,1,False,Employed,female
68,1971-07-07,dd368724e0c74ddcb288c26671673fbe,Jared Ray,5,False,Employed,male
69,1960-02-25,db418708568446dba859dda489fe8d74,Lauren Neal,5,False,Employed,female
70,2001-11-30,ba27ea296dbc432fab70bde95ccb3b75,Emily Sherman,1,True,Undergrad,female
71,1971-05-20,5b1b054223e444c0af0ee9813bd54839,Jonathan Jackson,5,False,Employed,male
72,1960-01-16,f137c6602d2d4f59a11418704aa72078,Scott Huynh,1,True,Employed,male
73,2001-12-11,afe121cd62ca4e7baed22ba42ae607dd,Richard Hill,2,False,Undergrad,male
74,1972-12-03,df55be83d6a342fcabe23600a1cc0dda,Jessica Hancock,3,True,Employed,female
75,1966-03-19,094fc552b6b94ab08e3156af1ffc0d50,Holly Finley,1,True,Employed,female
76,1996-08-13,6ff68717a86647b3b65cfca09ebdd6f4,Michael Johnson,1,True,Grad,male
77,1985-01-19,1ea50336fd3847b298f6f8bdade8336e,Audrey Rose,2,False,Employed,female
78,1975-12-29,6ea7bf11b5e84e0687c731b8cf8cf8eb,Robert Garcia,2,False,Employed,male
79,1990-10-25,a50b9ab24d394929b5886701c1a0b9a2,Hannah Sloan,1,False,Employed,female
80,1999-10-25,c2a91a0f128a4cf794ef591c63dea031,Dr. Sydney Hall,3,False,Undergrad,female
81,1968-11-05,9ab12a65a0a54f2ebbf297f3f4fa41fd,Patricia James,2,True,Employed,female
82,1979-09-12,727e3d6e0ffe4ab0bed080297a044950,Rodney Flores,3,False,Employed,male
83,1992-03-06,c2f2c7e4757a4d2b92e11a4991d2a911,Jared Williams,5,False,Employed,male
84,1986-10-02,d8d381f09a7f4dd38d8ce2ae89913063,Michael Mitchell,5,True,Employed,male
85,1989-03-20,416dc07ddc7d458e82437f220c9cc4a0,Robin Cooper,5,False,Employed,female
86,1978-02-03,c2554c6a03a940539ee2a58109c24db5,Samantha Gates,5,False,Employed,female
87,1985-02-25,a791892148f344dda2e6df5ea94aedbb,Amanda Lopez,1,False,Employed,female
88,1961-01-29,ace28355a09f4333a3c4f108467801a4,Austin Jenkins,4,True,Employed,male
89,1978-09-22,38610752f61e4db5bc4c0c3f41ecc765,Corey Pope,1,True,Employed,male
90,2004-06-03,affa991527674d29847a817f936b0e75,Jimmy Chapman,4,False,High Schoool,other
91,1964-05-23,872e1979fa8245aabd4dae550078b64a,David Curtis,4,False,Employed,male
92,1964-05-04,55f08b68c0764cd6bba4853b12e00ffd,Michele Perry,5,False,Employed,female
93,1984-06-27,15979dfef7ef48dea44450579ea7ff79,Rachel Wood,1,True,Employed,female
94,2001-11-01,073c9ae503984de29759ef6e0c4127d6,Mary Patterson,1,True,Undergrad,female
95,1971-10-29,942cdb87c4004d008eb6858418e0d53f,Samantha Brown,4,True,Employed,female
96,1997-04-11,3a92928afd9d49a2914e8b3f021a11ec,Lisa Durham,5,False,Grad,other
97,2002-04-27,f673370a29ff4dfc83c5b61f059c22be,Keith Hawkins,1,False,Undergrad,male
98,1987-07-13,6eb1d12544ce402896a6a5bfeceac991,Michelle Rodriguez,2,False,Employed,female
99,2004-12-04,e5f9302c1d5e49d594085d5f70e9ff40,Lindsay Lee,3,False,High Schoool,female
100,1969-06-16,a4639fd21f70454c9c36e7842cd6e36c,Shawn Kaiser,5,False,Employed,male
101,1998-04-08,3c8d5886e2d74b1896977f57c773ee2a,Gary Avery,1,False,Grad,male
102,1998-08-30,831d0a82f5e847dd9fb5f1759bedbce3,Mike Galvan,1,True,Grad,male
103,2003-05-05,21d549cf284d44ae9826464a91a937f2,Beverly Galloway,3,False,High Schoool,female
104,1991-12-13,4a811432f8bd4b738989b9360c9cdfd6,Russell Martin,2,False,Employed,other
105,1979-08-30,31c01ee8ef264d97b51509d085461e6d,Jacqueline Jackson,4,False,Employed,female
106,1998-02-02,32c31e92c6fc41b7ac759b064498b7cd,William Dillon,1,True,Grad,male
107,1967-01-05,030925ce662c43bcb1de6bfb95de34ec,Amber Gomez,3,True,Employed,female
108,1985-03-12,8429549390c04bc68e3b1829efd94829,Jennifer Hall,5,False,Employed,female
109,1978-03-04,72fceefeb67e4accb79f1366d439bd2e,Thomas Collins,4,False,Employed,male
110,1989-01-19,799d697cd3ec45d8861fe26e0788f76e,Larry Martin,5,False,Employed,male
111,1991-01-13,acd9c6ba73a14680af76e5d889ef143e,Aaron Clark,5,True,Employed,male
112,2004-05-05,df55d8bc3674429ca9a9b75da6c5ff4a,Edward Scott,4,True,High Schoool,male
113,1975-09-20,2f151b0edada4f21bf2cc194030718bd,Brian Fischer,5,False,Employed,male
114,1996-08-21,b3bf4849735d4935a188b1ecbcaa205e,Heather Williamson,2,True,Grad,female
115,1962-06-25,3205c1a8ec4c457ea3d44cb0fb00d44e,Faith Gentry,1,True,Employed,female
116,1960-05-13,d52f4923db8042baa0eb56b9e5f96cef,Kimberly Hernandez,1,True,Employed,female
117,1981-11-27,3b20e93f15c94652b92e66fad83a30ad,Laura Bailey,3,False,Employed,female
118,1996-07-15,7a7ba865146e41a4bc1982c645fb7990,Emily Gonzales,5,False,Grad,female
119,1963-12-24,5c4562a0eb0543fbabf59de5e5a34137,Kaylee Wang,4,True,Employed,female
120,1993-08-27,30b12c2808c24d9091a4654fc787e029,Andrew Kelley,2,False,Employed,male
121,1996-06-02,10c66abd26ed42bba1818d1e88bddbf9,Jacob Wilkerson,5,True,Grad,male
122,1977-02-12,9a87e1340e254736a465d18372240654,Mary Diaz,1,True,Employed,female
123,1981-04-06,8e6db11c926445d5a07eeb11dcae35d5,Benjamin Hunter,3,True,Employed,other
124,1968-07-12,aa707d3e41754337aef16dd4a1d92b82,Andrew Porter,5,False,Employed,male
125,1969-01-31,a8e327b60dcc4d7396b531ac8dc5b6d0,Emily Bailey,4,True,Employed,female
126,1983-06-30,54b2a8e3d6a64aa1b7f430bd0bc3686b,Gabriela Holland,1,False,Employed,female
127,1975-06-16,97f85477fb2e409b8161c7fccb611f7e,Steven Lopez,4,True,Employed,male
128,1988-12-05,b3173dc145644c9c82dcefabd0311165,Nicholas Parker,5,True,Employed,male
129,1976-01-24,f04f0a9d18f24f20bf0d7a8ac5a73686,Michele Wilcox,1,False,Employed,female
130,1969-08-11,6a9a50d6354e49b3a6299671a5f05df6,Robin Gibson,2,True,Employed,female
131,1969-08-18,813c2d753e7b43f1937d9e4e186f95c5,John Gibson,5,False,Employed,male
132,1993-07-07,54e73e33367646d5a15ee1eac12b5ae1,Michelle Wyatt,5,False,Employed,female
133,1964-04-13,bd9adf9086924fe7afc8e6f010e9e22f,Brenda Shaw,1,True,Employed,female
134,1966-02-20,b718041efb824d5cb464aeadd71953b0,Diane Torres,1,True,Employed,female
135,1993-04-18,342934a5453f4a6f9ed974ccb1dba6ea,Chad Blair,1,True,Employed,male
136,1961-01-18,1bacb0a33cf74b88a571400b7ac53d48,Elizabeth Johnson,3,False,Employed,female
137,1998-02-18,8893101c3db74bf48bf3be0ff0d8d445,Jonathan Smith,1,True,Grad,male
138,1990-06-27,dffeb158b8c346d7b88e97379f2b7e14,Edward Ochoa PhD,1,False,Employed,male
139,1991-06-19,97fa42e5a6d449b9ad5ddd38c984875b,Emily Gregory,4,False,Employed,female
140,1984-08-23,af4043d11d26486f9545c6041e46596f,James Watkins,5,True,Employed,male
141,2003-06-15,820bdbec170f47c98196ba7252cecfa6,Elizabeth Pena DDS,1,False,High Schoool,female
142,1962-03-16,2b0a2944fc16438f80d18fddb0ec16fa,John Stewart,5,True,Employed,male
143,1984-09-03,126b6e826d844480bb191a77b70e72d1,Carlos Mitchell MD,4,True,Employed,male
144,1963-04-25,d1938c7e7c22423d881478dd39b9906c,Robert Johnston,5,True,Employed,male
145,1979-03-04,24ae5b70b33c4af191dc9b474bb8f169,Carolyn Griffin,4,False,Employed,female
146,1967-05-14,75f3e6bef3b4466cabac6d92c7f43408,Jacqueline Suarez,4,False,Employed,female
147,1964-11-02,e4b71ab97db5494cb6028f474f0faf56,Susan Ho,5,True,Employed,female
148,1988-01-09,fdd66b70a7c1436b9120dbdadc7d8ee4,Tristan Bryant,5,False,Employed,male
149,1997-01-23,6859f078d4ce47acbbdc2e1d29948115,Heather Pearson,5,False,Grad,female
150,1974-05-29,0c834effc4db4f19a22b0c457d0998a7,Tiffany Simpson,2,False,Employed,female
151,1968-07-02,3b81ed61afaa4833b5f775321279dda6,James Nelson,1,False,Employed,male
152,1998-03-09,c8281a8fb25346c8aea7ab61b07bffc9,Teresa Miller,2,True,Grad,female
153,2001-06-25,0a4f6151b8154b0d800c03c4197d2305,April Vaughan,5,False,Undergrad,female
154,1999-03-29,58bf9fb55fc24a159562c8137aaaa28f,James Martinez,4,False,Undergrad,male
155,1976-10-24,c7ad8f71e67e4028b67d3147ae6c6c20,Sarah Wilcox,1,False,Employed,female
156,1985-08-29,5b737e34bbe744c795a64e34242c1a1f,Megan Weber,4,True,Employed,female
157,1964-08-01,387ad2a355b144edb63a69ae8103c62d,Lauren Richardson,5,True,Employed,female
158,1997-10-11,eb2357da4fbd45b6aa53670ebf12dd8b,Melissa Payne,1,True,Grad,other
159,1980-06-25,1c2d67e15c7141b3b541a23ba3b678fb,Terry Blake,3,True,Employed,male
160,1999-01-17,12b70b8e92ab403d8f184c0745f5d0ca,Kenneth Diaz,4,False,Grad,male
161,2003-08-16,8f69e1e51dca4993bb0e5b51b759fec9,Brenda Manning,4,True,High Schoool,female
162,2000-01-02,1db8660b540e48ddbbba37fe0e552018,Monica Pierce,1,False,Undergrad,female
163,1979-12-15,d40731ac6b90483fb5b3b68e58bf2e86,David Sanders,1,False,Employed,male
164,1980-10-01,698ffb8419f64fc4acb83d1ac48b61be,Gilbert Owens,1,True,Employed,male
165,1991-01-07,ed70be168d9a47d69afed0d034357da9,Daniel King,5,True,Employed,male
166,1973-11-02,5a8cae58a94646608126f8ffba24bd0e,John Smith,1,True,Employed,other
167,1992-08-30,fe3fa6fcfe7c4647b4f0b9ed3f378639,Anthony Ray,5,False,Employed,male
168,1965-07-14,293fea950664440395cd95ecb9aacffc,Carlos Murphy,4,True,Employed,male
169,1971-06-13,7c9330404774411ebdfc3c04357bbcfc,Jason Calderon,2,True,Employed,male
170,1979-12-16,c898d9174d6f4e36993a15f37a1811dc,Brittany Tate,1,True,Employed,female
171,2004-09-17,ea6ee4d0f1a84600aadd8b415a06c7d5,Gregory Martin,1,False,High Schoool,male
172,1962-09-11,9843a8d88cf9495ca74dd84a5d621ad5,Brittany Cortez,2,False,Employed,female
173,1971-02-08,1061e89dc44d468a8d3510ccc1b34097,Amy Jimenez,1,True,Employed,female
174,1980-04-02,d821ea63d5c1417b8ca5d7ba3d453591,Elizabeth Walker,2,False,Employed,other
175,1987-02-19,3aa3f91256c144829e1eb1eb464248fd,Tyler Hernandez,3,True,Employed,male
176,1976-05-26,0259761b29c84b5aacab7e5e80a92a76,Emily Oliver DVM,3,False,Employed,female
177,2002-11-07,9475f45331ab4b0181a5c739360cc9b7,Kimberly Garcia,5,True,Undergrad,female
178,1978-11-26,112d98037dcf47ae939520acd008dfee,David Perez,5,False,Employed,male
179,1965-05-03,07ade81f9b384bbfab4593fb9651c355,John Yang,3,True,Employed,male
180,1965-08-28,41c1c23fb7c64a4681e9f0e368539d38,Donna Sanchez,1,False,Employed,female
181,1983-07-10,70a2309da76e44d18da7224671cc0eb7,Samuel Howard,2,False,Employed,male
182,1973-01-12,3156fb0291ca4e63aed44cdefe8308ed,Charles Ellis,3,False,Employed,male
183,1970-12-20,2c28d334c47a46be8266351d4dd48cf5,Pamela James,4,False,Employed,female
184,1978-05-07,acd73688f5cc4302b02d5f38287c4804,Jorge Stokes,5,True,Employed,male
185,1978-10-02,34104a54242c4d8b9b4713412bac357b,Brandon Dalton,2,True,Employed,male
186,1980-08-04,4e6f04b8ba2f448ca56f57ad68bb9772,Jason Shields,4,False,Employed,male
187,1994-04-19,7a25a37e9db14a81a0d070bbbcf3ae2a,Kevin Greer,1,False,Employed,male
188,1978-05-31,a3fc46a10b3c409ebf8a99ae3961e4ae,Andrew Hart,1,False,Employed,male
189,1979-03-17,aa8d18b62f914ec4a07b2a890f293309,Samantha Morris,2,False,Employed,female
190,1968-10-23,4782a80fe53a420ab67c088013d3a815,Logan Greer,5,True,Employed,male
191,1963-07-04,9d361c8499f243bca42891489b620d39,Rachel Monroe,5,False,Employed,other
192,1999-03-25,9659f9eb12374b0f847667c496e94d8a,Linda Flynn,1,False,Undergrad,female
193,1984-08-03,0768ab79a88848b3945ba406e47308aa,Dustin Diaz,4,False,Employed,male
194,1994-09-05,6bf1eefba4504104a6d48737beaf0939,Richard Lopez,5,False,Employed,male
195,1992-04-07,c43a5f70fa6949aa9caece4620dfa4d6,John Stafford,3,True,Employed,male
196,1978-12-04,d94bce51d32f43e8a82868149cb7ff6e,Laura Phillips,1,True,Employed,female
197,2000-10-04,c3ee9616ab9f4a8a9dd9c2d9b4d0ce85,Aaron Russell,1,True,Undergrad,male
198,1961-12-11,4fd1d963843f4733a00b8a41d4b8d283,Amanda Weber,1,True,Employed,female
199,1976-07-11,fd322e7afa2e42ac81399e063d3de866,Juan Lopez,5,True,Employed,male
200,1985-04-09,bf2d570c8d8045edae554f2100f97ee1,Nicole Mccormick,4,True,Employed,female
201,1996-05-25,914955002af94beeae041c6d10080f57,Cindy Bryant,1,True,Grad,female
202,1966-07-21,3013da0bb4a9468dbc99fcb29918cf54,Leonard Warren,5,True,Employed,male
203,2001-09-19,88602e2fa18a4530a97f77b9f4d60d2a,Justin Anderson,4,True,Undergrad,male
204,1989-10-31,cae6ec02337944fdb521648ce8d914e4,Kenneth Martinez,1,True,Employed,male
205,1981-07-02,cb848889e53d476abcead58c52edbc16,Hector Brown,4,False,Employed,male
206,1994-11-05,ed1311476aae48c2adc504f7ff9869b9,Karen Turner,5,False,Employed,female
207,1994-06-26,7ea5cc0437654a7aa0a3f0b2cda79ebb,Dr. Casey Gibbs,4,True,Employed,female
208,1962-07-14,f36a41cb3fd1424d9fd76d0e7e9f6f4b,Edward Jackson,1,False,Employed,male
209,1972-05-28,9054d6652ab74502a3cfcc412dcfa9d8,Kevin Phillips,1,False,Employed,male
210,1978-06-03,b880c5b72dd74d9aa9b887044d1b229f,Joe Miller,1,True,Employed,male
211,1990-11-28,623519972b444b45b83a368e71235eaa,Ryan Kaufman,5,False,Employed,male
212,1975-10-08,4569c835915d4aa194bb852c9947945c,Marcus Jenkins,4,False,Employed,male
213,1967-07-17,79d3a95baf5f4a0e982b9ca6a24ce512,Jamie Moss,1,False,Employed,female
214,1990-11-20,0584893ac23841529859ae39b592f051,Elizabeth Smith,1,True,Employed,female
215,1990-03-09,e622d15e0ba743b9a4524c3c03ba2de5,Lori Davis,2,False,Employed,other
216,1989-05-31,7543f2914e5348dcaff0e55e94dbfd3d,Corey Le,1,True,Employed,male
217,2003-07-29,f2ea59a669a54641a21e4b046c5d22fb,Justin Miller,4,False,High Schoool,male
218,1981-11-26,74f01e07016742708a8ec6a1dd645772,Mary Golden,5,False,Employed,female
219,2004-04-21,5712f09b18fa436da9fe0fef9376fe98,Manuel Robinson,4,False,High Schoool,male
220,2001-04-25,2fb9bc1f13654a47b19fae2b569cd1e8,Christine Beltran,1,True,Undergrad,female
221,1999-06-13,f74584b97c92476099738099a7afb28b,Joshua Lowe,1,True,Undergrad,male
222,1988-12-08,e82624758baa454999f00824a2e9d237,Tracy Hester,5,False,Employed,female
223,1981-05-24,8770b5ec8a8f40489350aa0a0249ae0f,Scott Sexton,4,True,Employed,male
224,1966-01-09,2b6d602b31ca46f7bb9747223a4b5f65,Ryan Turner,5,False,Employed,male
225,1982-12-28,c8fbd4f0d46f4a2f90b11fc5f372538d,Jennifer Moore,3,True,Employed,female
226,1982-04-22,4bde3ace1a8d430aa812c73f6e14a4d5,Ryan Warren,4,False,Employed,male
227,1984-05-07,1d0c9a9e47cb410eb4cd77ed9a0912a3,Zachary Reed,4,False,Employed,male
228,1991-01-15,8762b0dd5af64c7e9363944a79462bfc,Michael Rodriguez,3,True,Employed,male
229,2004-08-15,5160df9155e74029a0af6b3aa3c46703,Jennifer Brewer,1,False,High Schoool,female
230,1991-10-23,a95148f37b8e4720bf1f39dab8b899cb,Daniel Johnson,2,False,Employed,male
231,1970-06-02,429562ef869d4819acde084f46e20ae4,Allison Thompson,4,False,Employed,female
232,1994-05-02,74277996db664f578291883d15e9be27,Stephanie Moore,5,True,Employed,female
233,1974-08-01,fa29a183e99e443eb137efc4af64c59b,Larry Martinez,5,True,Employed,male
234,1961-08-07,46e59b540a534285bf62cb4e6041649c,Steven Sutton,1,False,Employed,male
235,1963-05-25,f7bf2aa482004bdda2856d38441b9e11,David Stewart,1,True,Employed,male
236,2001-05-28,ef44ffbfaa184d68878de669f23a48a7,Xavier Walters,4,True,Undergrad,male
237,1961-01-20,670e461fb36845f4a76564fc06777f06,Ryan Jones,5,True,Employed,male
238,1990-08-25,f275411f8d114f6cafeef676281fe40e,Anita Jones,4,True,Employed,female
239,1978-12-23,995151c6248a40dc81390134e44d0e76,Marissa Garcia,1,False,Employed,female
240,2004-12-27,69290390e8df41f29e2b92d3ea904a42,Dustin Clark,1,False,High Schoool,male
241,1964-11-02,a83c0d1045a240cd8ed23f2321be7312,David Blackburn,4,True,Employed,other
242,1981-11-04,2d9bedafa73447528e6a1514cd18dba9,Katelyn Osborne,1,False,Employed,female
243,1979-10-24,26267158bdf74463ad3bcc226b5f6028,Michele Cantu,2,False,Employed,female
244,1988-06-05,1db50f6abcc64155b75a1a6fb3ac78f9,Kimberly Jimenez,4,False,Employed,female
245,1980-12-10,1c42799009cc49b9b62ca2772ff11c65,John Jones,1,True,Employed,male
246,1972-01-23,143243332a1f41469b34653ccc5f5c8b,John Anderson,3,True,Employed,male
247,1964-05-27,0f9dbb8a509e48cb81322aa0e8c68a85,Douglas Gomez,1,True,Employed,other
248,1973-11-06,43f026b1d3ce40ffaf194ce144e7d82e,Tyler Smith,1,True,Employed,male
249,2001-12-01,699e0b4eae6d4fd4a36ce8a8a2549d35,Darrell Miller,5,True,Undergrad,male
250,1990-06-21,21880823bf1144a4bd939658032740ab,Miguel Casey,3,False,Employed,male
251,1961-02-24,950f8211316140b3853c09d54a204169,Brandon Lucas,3,False,Employed,male
252,1966-04-05,b25f8aea697b40aa8d8713153bf3c976,Samantha Jones,5,True,Employed,female
253,1970-10-05,609a6e4fed484c579d84cbb0c13eb118,Bryan Williams,4,False,Employed,male
254,1965-09-10,5d639b30977947e3844f2d6049a6c5a7,Stephen Stewart,5,False,Employed,male
255,1985-04-14,20e067f7181a43dc8a4a252816111572,Mark Patel,1,False,Employed,male
256,1972-11-25,a0b7a80f3b6c430fb928d72537e04210,Sarah Davis,4,False,Employed,female
257,1963-08-28,aca06a3fdc2e4443aecb304fa5055d03,Scott Gibson,4,False,Employed,other
258,1970-11-14,a0d5a1e3b85c4ec9bbb75ab18a13cad9,Jenna Brown,2,True,Employed,female
259,1993-09-17,d71c03a2831c4c699bec89450c3a47da,Lucas Dyer,1,False,Employed,male
260,1971-07-05,38cf00504a2f42178ae19e47c8c8436e,Julie Galvan,4,True,Employed,other
261,1991-01-14,255a00d50e704884bf4a9236bd2590ec,Jason Robles,2,False,Employed,male
262,2001-12-07,a0bccd516d114d0d8b59628b51c7fb78,Jesus Bass,1,True,Undergrad,male
263,1966-12-25,6d09f5a0754e414096d5f9d50957a1e1,Jennifer Clark,2,False,Employed,female
264,1984-02-16,7787c23323464ac0aa0e2b82d04b9e2b,Kevin Garcia,1,False,Employed,male
265,1985-05-10,779c679c59394f8d93608f4b94bc1c9a,Richard Mccoy,5,True,Employed,male
266,1970-08-01,88f08b28c09d4667a7742e54273a7d8d,Vanessa Richardson,2,False,Employed,other
267,1992-11-29,d3bd48ff0c6b4525ae1e9cadf6533a8c,Daniel Kelley,5,True,Employed,male
268,1961-06-05,6dfd5c63a2bb444ea73943e93e7e7b8f,April Armstrong,1,True,Employed,female
269,1997-06-01,17a518d0bc8e446ea83d8df4ee81656f,James Anderson,4,True,Grad,male
270,1961-07-09,18f9fd9e3efb4e31aee8e404d1c66e3d,Linda Cooke,4,False,Employed,female
271,1989-03-31,f352554879c144f3afae97bad9c1fe0d,Deanna Pratt MD,5,True,Employed,female
272,1962-07-17,3b9aada8d3b34f7fa781867fa0145a52,Lisa Armstrong,2,False,Employed,female
273,1962-02-02,ffd41de61c52441e989cf617f1d30e6b,Carl Walker,5,False,Employed,male
274,1995-11-20,967a5afae70f4ea3aab1725b6d86790a,Patricia Gonzalez,4,False,Employed,female
275,1987-06-01,ae076e43b7c841f2bf29939911d50f7c,Ronald Watkins,4,False,Employed,male
276,1977-05-13,95404d1d0eeb46d6b3f18242a1a4d352,Michael Gray,5,True,Employed,male
277,1998-07-30,f9998922d5ca478fb5b83e89057d52a1,Neil Taylor,5,False,Grad,male
278,1997-07-03,697c378d56424c729389fcd085cf9399,David Vega,1,False,Grad,male
279,1963-01-09,e624e618677048c6b321c8dc79e9a256,Andrea Robinson,4,True,Employed,female
280,1995-03-31,09120327850f49cab20ed0391b0b8ae6,Jesse Giles,5,False,Employed,male
281,1990-05-13,3673240959824f18a8538e4900154e56,John Martin,5,False,Employed,male
282,1981-07-06,c1ec27fa538b4ea1925b73b4e9089d41,Anthony Ayers,5,False,Employed,male
283,1996-01-17,64be31eae7c04fab8c6b3df2b7188032,Michael Lopez,3,False,Employed,male
284,1992-01-07,86a91624d1e24ee28e0f0907cd5cbb97,Clifford Diaz,2,False,Employed,male
285,1990-01-01,932efdbcd4a743f68f720eb0ea508ca4,Steven Kennedy,4,False,Employed,male
286,1990-05-29,dfd82fe6b9024711ad4e48a3d0c53102,Brian Nichols,5,True,Employed,male
287,1969-11-01,5f93004724c74984a1787dcbd6a03722,Erica Gibson,3,True,Employed,female
288,1973-06-01,ee661d335d904452995ba2d54a6e2a10,Rhonda Garrison DDS,4,False,Employed,female
289,2000-09-25,65910833ed7c4dd8a07338353edb9211,Frank Fry,4,True,Undergrad,male
290,1978-11-09,3bf8f92d414042d398ac4ecdc42d2eff,Stacey Thomas,1,False,Employed,female
291,2001-12-07,c4517d750fe54e9890fa58a43f7c903d,Stacey Beasley,4,False,Undergrad,female
292,1999-05-30,eaa4afa0ce384399b34b0297c031c773,Brian Mcclain,1,True,Undergrad,male
293,1974-09-30,59f9c0b4245e496888f49e34950ab8c9,Robert Rice,5,True,Employed,male
294,1968-05-04,1cd08ca20d594f59bd1f4f05dc19368b,Stanley Ware,4,False,Employed,male
295,1997-03-18,1166027ec18e475eb24f4e6fca4c0a7c,Joshua Hernandez,1,False,Grad,male
296,1995-07-01,7d4f5d60ca434972bf25c4b0197970fb,Amy Olson,5,True,Employed,female
297,1975-02-27,be190470835c4227a7a720966758a938,Bruce Miller,5,True,Employed,male
298,1974-08-10,8857280104614a92b503ad891ca5bde7,Kristin Ford,1,True,Employed,female
299,1987-12-22,480fe06527654766b3f714de72482dff,William Walton,1,False,Employed,male
300,1987-10-13,bd910bbb557e4125a871eade14d02863,Joshua Noble,5,True,Employed,male
301,1960-10-05,6855c58c51f747c4b147870e30d6acc1,John Braun,5,True,Employed,male
302,1976-09-24,d301bbac87694026a25a44ca0951f05a,Ann Harrison,4,True,Employed,female
303,2003-05-19,a04dca02858c4ed6a46d666f2c8cc4fa,Cole Foster,1,False,High Schoool,male
304,1981-07-11,daccecd51b964cc29e34b0e084a59c24,Jay Cruz,4,True,Employed,male
305,1980-03-30,a3af3a1ade174923a15efb426131a33a,Melanie Larsen,1,False,Employed,female
306,1972-05-03,561ed4e716294abba68b1f73a8173422,Oscar Blackburn,2,False,Employed,male
307,1969-05-24,476bbd6c244f45318d166401b64d0bf4,Nancy King,5,True,Employed,female
308,1996-09-05,acc88f8270b346d8b17eb70298bbf2f4,Frank Graves,5,True,Grad,male
309,1967-09-08,ca664c2749c14569b5782a0976667ef5,Justin Dalton,2,False,Employed,male
310,2003-07-24,5724566b7fbc48399fbb22bb8012feeb,Patricia Ray,4,False,High Schoool,female
311,1971-04-24,dc7bf4960f1b4b9db98ad0f33688e102,Ronald Nichols,4,True,Employed,male
312,1991-02-04,32ec348ea1a24173bc68150c615d7f64,Ms. Sherry Hunter DDS,5,True,Employed,female
313,1968-04-15,9364aa351fbb47cf84785d4b69e12b24,Aaron Alexander,1,False,Employed,male
314,1979-04-08,153562fc7dda449fa7d924d23773eb66,Mr. Steven Martinez,4,False,Employed,male
315,1995-09-18,bb78612ef1814609b655bc78429d7545,Richard Gutierrez,3,True,Employed,male
316,1974-09-17,6ec390a7e8f746b1ae88f25282a1f7ae,Ian Hood DDS,5,True,Employed,male
317,1991-08-24,8c822613b03243f0b4fba105a856ec98,John Mathews,1,False,Employed,male
318,1971-08-23,4c8bc720bbd64f16bc7971f2d9588147,Stephanie Mejia,4,False,Employed,female
319,1963-04-29,818163c270b64554963d1ce08daf9985,Michelle Jenkins,5,False,Employed,female
320,2001-07-06,859a33d5f4fe4d6fa090429f5f666053,Jonathan Gaines,3,True,Undergrad,male
321,1999-08-24,73c909de91404350ab7e90a8ff1f663c,John Schmidt,4,True,Undergrad,male
322,1977-07-04,f938c3a78bc344279d00d4dff9f68698,Leslie Craig,1,False,Employed,other
323,1981-03-01,5b556d2113364d60b76d4e8ad31e4fb1,Caitlin Bell,1,False,Employed,other
324,1965-05-28,22d4d99660bc4c2b84b52d52b069235c,Joshua Payne,4,True,Employed,male
325,1970-06-26,7a8240e3a3734df2abe32a01900fa4b7,William Smith,4,False,Employed,male
326,1965-03-23,25e49c27b84241369c0354beb18cbc7a,Andrea Graves,4,False,Employed,female
327,1984-09-30,84827a19b1d5433ab12295bada67f037,Matthew Williams,5,True,Employed,male
328,1982-06-18,a0cd5bb0e655405b83bf7d91faa721c2,Caitlin Simmons,5,False,Employed,female
329,1997-11-15,90ca9feea35149e48c997a45f755e7c4,Chase Cortez,1,False,Grad,other
330,1983-01-25,b2f1b7f2d4c340edbd09bdef0132bbd5,Joshua Maldonado,5,False,Employed,male
331,1989-08-27,cae44e473c6945b198b15e6cacff4b5c,Joshua Brooks,2,True,Employed,male
332,1997-07-04,ec2bd810c52143c9a30aded3affbcde7,Ashley West,5,True,Grad,female
333,1976-11-18,16829602b35f4b7695f35dac98da8d13,Timothy Smith,4,True,Employed,male
334,1975-08-24,5060931c229741658885d33e0092d477,Timothy Hopkins,4,False,Employed,male
335,1996-03-18,93e6c40cd2a64894a17d7ae08393e4ad,Colleen Mercer,5,True,Grad,female
336,1980-02-22,14f981c4853d4799a829af828d43d86f,Julie Boyer,4,False,Employed,female
337,1992-07-02,938d60a93afd413cadaf368b96ccd979,Mr. Charles Howard,5,False,Employed,male
338,1986-09-30,0f38b15e56e64644a8290f2b25659495,Randy Lloyd,2,True,Employed,male
339,1965-01-27,43a7e5f5ad2c42228032fade35c440cb,Jacqueline Miller,4,True,Employed,female
340,1998-11-12,768569eedb1740259ce317482411cbb5,Gordon Griffith III,2,True,Grad,male
341,1963-04-29,4b770ed2386247b087caa7ca7c227fd0,Jordan Acosta,3,True,Employed,male
342,1997-03-13,e62de319542444109554a31512572f21,Lisa Juarez,2,False,Grad,female
343,1990-07-05,25db87e825e040eca87262743706c098,Amanda Baker,2,True,Employed,female
344,1998-06-22,7abc50d25d134324b4812b7767ca6c9c,Madison Smith,5,True,Grad,female
345,1982-02-09,e6aced1bb20a45e18fe2744a0b3091a3,Antonio Sherman,5,True,Employed,male
346,1993-03-19,8457671559274f9c8347c4f26176fd2d,Melissa Small,2,True,Employed,female
347,2003-04-06,e1dc386738f24f8ab6965763b32da36c,Douglas Watson,4,False,High Schoool,male
348,1961-03-26,2844a30d309842ee990a51cbc67c0174,Andrew Brown,5,False,Employed,male
349,1979-12-18,f43788fb0ae14d8faa359955675534d6,Daniel Nash,1,False,Employed,male
350,1968-06-10,4391cd110f8b4fce873cb7dc32a0ab88,Joanna Fuentes,1,True,Employed,female
351,1969-09-05,d731bb1d8fec47d6a11da8b4111a144c,Morgan Warner,3,False,Employed,female
352,1987-09-07,d15612ae6b524f9aaf0335d9e240c755,Sheri Ortiz,3,True,Employed,female
353,1964-09-15,9752de1c803d49cbad98905893fb102f,Megan Holland,3,True,Employed,female
354,1993-05-31,8a4caa7293a441e1b9434aee9ba5d773,Marissa Burgess,5,True,Employed,female
355,1982-06-29,0a4f788115354c1d9a1793fb951ffa9d,Whitney Adams,1,True,Employed,other
356,1985-06-09,a703994aae6149f3b0af3d795f123492,Mindy Yang,1,True,Employed,female
357,2003-05-04,56abb724178d4b20aadb566c02fd6bc3,Jason Rodriguez,1,False,High Schoool,male
358,1980-02-16,9d9d27c761af48598e1a60c6bb1c99ca,Timothy Ortiz,3,False,Employed,male
359,1968-09-12,e8e0669e0e3b4fb48e2dc09594967787,Steven Bridges,5,False,Employed,male
360,1985-07-02,390b3331e04f44dd9ece830f47954349,Debra Hodges,5,False,Employed,other
361,1988-11-29,087146c8cb734a1c88d611670574e070,Peter Sanders,1,True,Employed,male
362,1994-03-31,5002950722a14264b74b49cb3c1b9cef,Tiffany Macias,3,False,Employed,female
363,1973-07-26,745b91b016824577911769b6d3e7c229,Jillian Nielsen,4,True,Employed,female
364,1963-06-04,b1d3d5e1e2ba47e3a77070d193969944,Karina Cook,4,False,Employed,female
365,1967-10-05,efe6c21e130f4463a858a016f1bc8174,Miguel Wright,1,False,Employed,male
366,1960-02-26,a7d54e94e96e4e94ae90eb981f4cda8a,Kim Duffy,5,True,Employed,female
367,1967-08-22,5cf15498ab384aba8dacea9153e6a6a2,Jennifer Fox,5,False,Employed,female
368,1966-07-18,068174b43a564d24b89c1796a6f8a243,Jerry Oneill,4,True,Employed,male
369,1966-02-02,efb3841f29094be79880c2a70e2e245e,Steven Bradley,5,False,Employed,male
370,1968-07-29,853d3e39123545458d8b3a23114bbe41,Kyle Holder,5,True,Employed,male
371,2001-03-21,840e70557eff4a56beaddf4882d758ee,Philip Galvan,2,True,Undergrad,male
372,2000-11-20,2f004b7ea1e2498d9b59c1f3f87efba2,Billy Erickson,5,True,Undergrad,male
373,1991-08-16,32750029402f44c9966882d8e032993e,Steven Montoya,5,True,Employed,male
374,1982-08-06,a5b9120fb2424abd9367a02e1108d39c,Gabriela Henry,1,True,Employed,female
375,1980-12-04,9e0c28f879b04ee4adceec1b583a5f02,Michael Rodriguez,5,True,Employed,male
376,1968-06-21,d88129f6b6af4975bfbc8be7a909c575,Bryan White,4,False,Employed,male
377,1980-10-16,6a5bc052ea464b14b05507808d6168e7,Daniel Levine,4,False,Employed,male
378,2003-10-20,49a6584abcd34f2884c69accc86a3f13,Kristine Scott,5,False,High Schoool,female
379,1986-08-14,f2187cd74747465f980c97c123f4bd47,Luis Hutchinson,1,True,Employed,male
380,1976-07-23,26c608b5719944a9acddd5f0f46d9d87,Justin Mcfarland,1,False,Employed,male
381,1998-06-24,ba2400dda81648ad998e358f2e8e2cbc,Reginald Garcia,3,False,Grad,male
382,2001-01-24,c98a27dd7bd4453b88fd6584e1cba7fe,Steven Hubbard,1,True,Undergrad,male
383,1979-05-21,f455e20d6b3e453cb4dfde77dd33904f,James Scott,1,False,Employed,male
384,1969-09-02,4e7c2ebe6c8d403c9e77f78b67d8c9a6,Eric Herrera,1,False,Employed,male
385,1962-11-04,6e650ae9024f440db7ba9e5dc54c9cbb,Katherine Stewart,2,True,Employed,female
386,1997-05-15,94d5c1d5aad04b30a44e6e2f2ed3408b,Eric Holloway,5,True,Grad,male
387,2003-05-09,35a67f296551423583234fd092949e49,Elizabeth Jones,1,True,High Schoool,female
388,1969-07-02,f963b927d1b14557aed3fd7516adffd8,Gary Cox,5,False,Employed,male
389,1962-02-09,21d0e117daca4d85bb07a56073f8ba1e,Susan Carter,1,False,Employed,female
390,1998-12-26,93190c41879c407cad4fbe7f6862ce9a,Michael Arroyo,2,False,Grad,male
391,1983-10-20,e7aee305b693451897b57fb5c2f988f3,Nathan Owens,2,True,Employed,male
392,1991-10-11,b6ca54e869824c2f9315113b57e64d4e,Joshua Roth,1,True,Employed,male
393,1993-10-28,74fc7fd9b6864754b3917eb70accb100,Derrick Sanders,2,False,Employed,male
394,2002-12-02,dbebb9cf4b114e3f9ec177b855a37054,Christopher Mora,1,True,Undergrad,male
395,2004-10-29,3dfe022a6a3b48f283c2ad6b05774c73,Samantha Lewis,2,True,High Schoool,female
396,1997-01-14,2b6363b47dee440097ca038f46adfd7a,Christopher Robinson,2,False,Grad,male
397,1976-09-26,583ad8422ca04288840d56160ab88639,Jessica Miller,5,False,Employed,female
398,2003-12-21,bede7c3d46ff49028911cb574a84fa8a,Cheryl Collins,5,False,High Schoool,female
399,1973-09-19,8cc46d9a473c4eb387af741d1da3e617,Susan Mendoza,4,True,Employed,female
400,1992-03-27,c2936c170b1846d79a0cbf74c3ccff27,Joseph Hernandez,4,True,Employed,male
401,1976-01-20,68e55892ada049cabbf65ad3e6f0aec2,Grant Munoz,1,True,Employed,male
402,1969-07-18,ba45bef0c201499ca99f9c6b5b5d820a,Shelley Bradshaw,5,True,Employed,female
403,1962-08-06,a1888422b45644fa80b2490c0003994f,Robin Clark,4,False,Employed,female
404,1999-09-11,0e7554930c0746048e0e382599ce80d0,Dr. Donald Alexander,1,True,Undergrad,male
405,2004-04-15,e45821a39f404702984386b631e18ec0,Jonathan Johnson,4,True,High Schoool,male
406,1987-01-29,94d0290593dc48e89d382449c7b7346c,Carrie Norton,4,True,Employed,female
407,2000-12-07,39d6fec54d4243e598997a302b33b50d,John Conley,1,True,Undergrad,male
408,2003-02-15,27eb9c01f4ce43fdbe9a545412d78df9,Jessica Richardson,4,False,High Schoool,female
409,1981-07-19,9600a9906fa942d1842b0f0d08378298,William Nguyen,5,False,Employed,male
410,1972-01-29,e98fc7a9514b4bcc924656654a0f648b,Michael Smith,1,True,Employed,male
411,1993-08-26,86f8f48b936f48d287f17abff8785a42,David Short,1,True,Employed,male
412,1993-07-04,96a6f00a8f064fabbba9f20357034dd4,Adam Smith,3,True,Employed,male
413,1963-09-08,e2223505ff3e48889cb43c9451d81f22,Jason Schroeder,3,False,Employed,male
414,1989-05-25,98035c83a8c94600a3d902bc4cfdf048,Julie Meadows,5,False,Employed,female
415,1998-04-22,7ef82f644bd54e2e9a32c8f2028b9a8a,Melanie Logan,1,True,Grad,female
416,1998-12-04,1e0004f1efd1475d8ac9d339ced47cbd,Matthew Perry,4,False,Grad,male
417,1978-05-30,14bba154bdb641098c2544c323f70c0d,Antonio Barrett,1,False,Employed,male
418,1969-06-14,64337dcde3da4978829d659e3424ba9d,Yolanda Reyes,5,False,Employed,female
419,1993-03-02,723a25e724d14ee49f3b78a72d2104ca,Mark Morris,3,True,Employed,male
420,1997-05-07,f24b6f1daab94c47a885448613f0c1a7,Brian Adams,5,True,Grad,other
421,2002-05-15,8526d281208c4f4ebfd32be7bbd7ad9e,John Simmons,5,True,Undergrad,male
422,1961-04-15,ddf75d9652e04bff870a6214a4ab5048,Jessica Lamb,5,False,Employed,female
423,1999-09-11,41e2204c75784fe886fecbde100b8272,Emily Jenkins,4,False,Undergrad,female
424,1962-07-23,3a5ceabc95694dd2913e59a2d3272b6d,April Hernandez,1,False,Employed,female
425,1971-06-30,5958ab7f52a8463a83918db03657a451,Roberto Phillips,3,False,Employed,male
426,1967-03-11,36c16153f98b483ba90f8b50f4e506a9,Alexander Pearson,4,True,Employed,male
427,1978-06-08,52d92816e9d1498691faf19bdc843ef0,David Edwards,1,False,Employed,male
428,1972-06-29,d38351f73322423ea7f4a9cab85778e9,Allen Rivas,1,True,Employed,male
429,1975-09-17,3c3082ae84c04475aa3cb140aa1e7c18,Erin Hubbard,5,False,Employed,female
430,1986-01-04,446b037916394df4b490bbbf1ed139ea,Christian Smith,1,False,Employed,male
431,1965-05-27,5c87d4ed0bcc4c3690ceea6e381f7a8d,Bonnie Henson,2,False,Employed,female
432,1978-12-12,c502fbcb23194ceaa30604cd96860bbd,Kelli Bell,1,False,Employed,female
433,1993-07-01,224cef2558f243508999456a3ee093d3,Allison Anderson,2,True,Employed,female
434,1981-01-11,adbc1eb200d0489cb30b05c16962c6db,Shane Gaines,1,True,Employed,male
435,1992-05-29,08976ad577294170ad3192401d946b70,Ashley Walker,1,True,Employed,female
436,1962-07-14,f312c4679d5642d0bec098327fee234e,Lori Miller,3,True,Employed,female
437,1984-11-29,9d9e66abec604e3ebcd6c027ea78cf39,Michael Williams,2,True,Employed,male
438,1983-03-22,8504024e8d7e49859372d270a2b5bc6b,Amanda Ford,2,True,Employed,female
439,1984-07-23,00240004f15b47fc91c40b9b991f173d,Mr. William Bentley,5,True,Employed,male
440,1992-03-14,ed1c49c38f084dec8a8939d47872e95d,Ryan Wood,4,True,Employed,male
441,1960-01-11,1e7bfec062144c49b426105a873f1e1f,Veronica Meyer,3,True,Employed,female
442,2000-01-06,fc8d1cb72e144a6da2698ab7e8fffd62,Christina Vega,2,False,Undergrad,female
443,1999-11-27,af50ee5a68c24175883778b9898afb34,Denise Estes,3,False,Undergrad,female
444,1971-04-16,f0b5653cf5504ab086a32d1f7a32dd9f,Robert Barrett,1,True,Employed,male
445,1997-02-11,1332c09c060b461a91b73219d60c9e4f,Elizabeth Hanson,4,True,Grad,female
446,1971-01-12,8b22ac47a20e49798eb39ed6a85c3114,Audrey Reid,4,False,Employed,female
447,1965-11-29,fb7035c9dd004fad8295a0b6fbd17d50,Laura Smith,1,False,Employed,female
448,1983-08-18,62efa9d1894a4708bf35292eb8cc5611,William Miller,5,True,Employed,male
449,1987-10-19,408a959d6d8240b486a9b8d3720f28e0,Christopher Grimes,5,True,Employed,male
450,1995-04-17,cbb467386e7f4fdaa96968d6ef6ba075,Michael Blake,1,False,Employed,male
451,1987-12-03,d913712ea2594767975be0b7996cd984,Joseph Heath,1,True,Employed,male
452,2001-05-01,9908c5a9cde44fd98dd9aad74e67fad3,Ashley Cantu,5,False,Undergrad,female
453,1960-01-30,ffd3506da1eb4e4a8df5d1d778254337,Kelly Marquez,4,True,Employed,female
454,1965-09-01,d0df1b3de2824317a5a0c84bb1d602f1,Dustin Russell,1,True,Employed,male
455,1985-04-21,089f449c911c44bbb4214184a9747b82,Logan Pennington,5,True,Employed,male
456,1977-11-20,780fdfbfab1e41038606c131e72d5d03,Robin Evans,1,True,Employed,female
457,1995-07-25,552b416ef9fd49b98177f8329a42b0cf,Daniel Jones,4,False,Employed,male
458,1977-05-07,8f2c40b03923497f87537ffe232e7ac1,Christopher Ochoa,5,False,Employed,male
459,1989-04-19,1cb39ef216eb4617a18ced3ce40c1618,Mario Duke,1,False,Employed,male
460,1972-02-24,1fc50b80a5ac4c9d93b1fbd77fd1a000,Joseph Cain,1,False,Employed,male
461,1980-12-31,fc687820564140d3bcad754d500fc7f8,Suzanne Huerta,5,False,Employed,female
462,1985-10-29,35cd17e72998462387d6f96400a4c2c3,Mary Lindsey,1,False,Employed,female
463,1965-03-13,9b078d14129249f4892d26d272c21954,Nancy Weaver,5,True,Employed,female
464,1967-03-20,3f15b6f5cdb445d6bd4c5bae16e3b88f,Eric Higgins,1,False,Employed,other
465,1987-06-17,880e7d807e4a4cc4a78c25be8e04ea09,Shari Arroyo,1,False,Employed,female
466,1995-04-02,27631e25abdc40d49ee0366b4e935cab,Dave Andrews,4,False,Employed,male
467,1995-11-12,685fb4aa8ff148a2a9b1be7d82c0f411,William Wang,5,True,Employed,male
468,2003-09-11,29c740d1f2c34db684b52a88b180ca71,Dr. Douglas Cline Jr.,3,True,High Schoool,male
469,2003-05-25,bd1ee1eb6d8d4387b95e387a193d4683,Misty Reese,4,True,High Schoool,female
470,1981-10-07,c5b36c9fd93d4cc99cb4f56a4d4d953e,Amber Moore,5,True,Employed,other
471,1984-09-22,eb6c22bff7f14a849a83e6334fa0a250,Joshua Smith,2,False,Employed,male
472,1991-08-30,3d5cb81bf91141e6a59aa9f2c9343759,Stephanie Larson,1,False,Employed,female
473,1992-09-29,e981ef5a836e492d9563ba532e233136,Christine Bowers,5,True,Employed,female
474,1978-03-18,ab286bfb4aa544a68c86b5db8882af4d,Aaron Johnson,5,True,Employed,male
475,1969-11-18,4af184edea0346958267300eae12c645,Glenn Roth,3,False,Employed,male
476,2003-09-27,462681911836483283891a02aac30052,Michael Smith,1,True,High Schoool,male
477,1990-07-01,0232a917825549f2a5fc402dfea7f8f4,Edward Garcia,4,False,Employed,male
478,2004-06-04,3743ddafadec40849c38f32f4befd5bd,Robin Davis,1,False,High Schoool,female
479,1993-12-21,1be93c76b0e3445683b419159896fc65,Robert Powell,1,False,Employed,male
480,1995-10-26,53462e7508e54e5f8a81ccb44b894e37,Sarah Juarez,5,False,Employed,female
481,1991-02-02,bf2f587a9f1e4007b935560733c4c00b,Antonio Hammond,3,True,Employed,male
482,1976-10-06,7c3d46be54cf4544ac99c1d605ee626b,Troy Campbell,5,True,Employed,male
483,1983-10-29,3185746b4ff34e3ca6bfe9477351a905,Joe Mathews,2,False,Employed,male
484,1991-09-25,2b2788f1b6c54ad18c9284bbcafd0e3a,Lee Russell,1,False,Employed,male
485,1985-09-23,ff14963b3496493dba030012132c4801,Tara Murphy,3,False,Employed,female
486,1992-08-18,9261ddbc1398473fbf4afba1e2d13bc0,Anne Mitchell,1,False,Employed,female
487,1987-01-06,c32693daf8374caf867fd1ba542a578b,Courtney Huynh,5,True,Employed,female
488,1987-03-28,9be4c06b76dd43a6982730075dd24a0c,Nichole Krause,1,True,Employed,female
489,1978-11-09,36a3773fedf14949bc82be12eae79e14,Tammy Vance,2,False,Employed,female
490,1981-12-28,13ccd835cac2429fa604c8295e3f3019,Diane Johnson,2,True,Employed,female
491,2004-09-07,d543f4d6b13548d496cc83929d7257d2,Christine Hughes,1,False,High Schoool,female
492,1995-05-31,46ac33fd579f442690bc85a4f22595ca,Rachel Ramos,4,False,Employed,female
493,1961-11-03,24357837d933413f8e01ff48a900a85d,Nathaniel Brown,5,False,Employed,male
494,1963-04-21,51bf65dc09924a519c474fd894ff1ef9,Rose Watson,1,False,Employed,female
495,1978-06-02,ba346920755e4b7899dfa1733fb8eeca,Rachel Robertson,1,True,Employed,female
496,1983-05-13,3c8a3c0262e04a0593e6dee0b93d1e8a,Kenneth Ross,5,False,Employed,male
497,1979-05-06,8c06ab13e2084af3a48da6d862ca8ccc,Kyle Wallace,4,True,Employed,male
498,1979-04-19,07425898770f484684face2561bf9d58,Edward Smith,2,False,Employed,male
499,1993-06-19,f836f45b36ae449bae4bd29ab8dd13fd,Mary Murray,1,True,Employed,female
500,1976-07-10,fac0c35d1e15400b96c509bca9eeec37,Amy Cruz,3,False,Employed,female
501,2002-04-17,743f23d6f42b410da3df0bc681630929,Frances Powell,4,False,Undergrad,female
502,1991-09-14,f911ca0541c8462db3a619b4563bd354,Erin Carlson,3,False,Employed,female
503,1986-06-29,f61a021efb0849afadfffa273d850797,Tammy Hall,4,True,Employed,female
504,1996-08-01,16edee6c0a984000a31f510c9baf306b,Kimberly Bell,1,True,Grad,female
505,1981-08-01,eca0d43df99a40679f16bd8494cc9312,Jason Miller,3,False,Employed,male
506,2004-07-01,b66a844c79ff44e8a9594251b9d6b68f,Jeremiah Sawyer,2,True,High Schoool,male
507,1978-04-14,c252c54717584a0c9d62465045d01dd3,Nancy Evans,5,False,Employed,female
508,1974-04-16,764d88cb4d6d435fa7c68b3235849552,Carrie Herrera,1,False,Employed,female
509,1964-03-07,dd0d1ded095149bc99bf523de66c7786,Garrett Holland,4,False,Employed,male
510,1975-07-13,12ff1ae7d0e94c2c9529af580bcf5696,Tina Cox,5,True,Employed,female
511,1969-03-03,721688c9ff9a4f2c84853b6177299486,John Mathis,4,False,Employed,male
512,1963-12-02,5cf70b77e0484076afa10e00a2871eba,Jeremy Nelson,4,False,Employed,male
513,1969-03-23,378214986b4d4f13b43e4a651a6699db,Jesse Morgan,5,False,Employed,male
514,1974-12-11,45355cab078f47c8951befddd630a65b,Julie Hawkins,1,True,Employed,female
515,1983-03-05,164ce6f56d01483e933bfc05b5533de2,Lori Campbell,4,False,Employed,female
516,1988-03-25,37e184366b4a404e9f45b8d452029908,Keith Harmon,2,False,Employed,male
517,1995-02-09,ebb8b2d3155b41f48c0bad6a48542079,Jane Arnold,5,True,Employed,female
518,1978-12-16,958cb5e3809940a2adb3c2b7c908d1e2,Jeffrey Hughes,5,True,Employed,male
519,1980-08-03,3419585e3f0f4aa684ac3ad56f37c1aa,Marco Hester,4,True,Employed,male
520,1989-05-29,1f405459d9984d27922a9ff79e6041f0,Haley Dean,1,False,Employed,female
521,1988-04-12,2186d73b68684c08b9dac2ff2b2f5afb,Virginia Adams,2,False,Employed,female
522,1982-10-21,69b4e2b2c14840ebb60a3d2392d05408,Jared Rivera,2,True,Employed,male
523,1979-04-18,591c1828ceb5478195c4a0221b851065,Teresa Snyder,5,False,Employed,female
524,1966-06-27,f317cf7ed8c64595a6a916288f7c18b2,Sarah Lowe,1,False,Employed,female
525,1998-07-16,8da3dc8f25de469bbafa8e522c1a84d6,Curtis Martin,3,True,Grad,male
526,2001-09-12,8cb39d2cddc34a4d9f243e20b02866a6,Marissa Hicks,1,False,Undergrad,female
527,1997-08-03,1fc8e9e1e8dd49af9a4242bd8a96a78d,James Miller,2,False,Grad,male
528,1987-05-11,4d63fc763875447196dddbf87eced0da,Angel Dominguez,4,False,Employed,female
529,1962-02-18,767dc9325a564f49ab609f07bb9dbbab,Linda Lowe,3,True,Employed,female
530,1970-08-12,c5afa3130b94429ab3bc7af24911f435,Paul Jackson,4,False,Employed,male
531,1998-01-23,358bd67da5da46d192620e7a2c4ce0e8,Tami Diaz,1,True,Grad,female
532,1999-04-20,2666fb5f69fd44dca341e9b126163300,Zachary Dickerson,4,False,Undergrad,other
533,1977-01-18,7d0838c38eb94c57a7f0dc33be51783f,Sarah Diaz,4,True,Employed,female
534,1971-09-18,16f0577d1b72443a97cff0bb1a084236,Michael Perry,5,False,Employed,male
535,1960-12-16,2267c1e275f8450eb0779e51bff486ca,Kenneth Johnson,4,False,Employed,male
536,1983-09-16,358388f70943487599c5d85029767aac,Ashley Gomez,5,False,Employed,female
537,1992-10-03,26f8413c113347da9fb191556bb718f9,Nicole Walker,3,False,Employed,female
538,1975-09-20,065abfbfa00445f3babe6f15dcfe0b70,Robert Hudson,3,True,Employed,male
539,1969-04-13,4ae08d24b5d341558dfcea47c9716f80,Barbara King DVM,5,False,Employed,female
540,1988-02-27,17ade52a1bec44b19caee4b8936da56c,Crystal Frazier,1,True,Employed,female
541,1992-06-10,dc2c5443d43e4563a90f12cef445fde8,Katrina Mcintosh,4,False,Employed,female
542,1976-03-27,f6ecc5e07ffb44bb80d098ea06cafa3d,Kelsey Hughes,1,False,Employed,female
543,1972-11-05,3445629781d94ae48b1b8d34f08e097d,Brandon Humphrey,4,True,Employed,male
544,2000-07-30,e7e3e3a63c0f44a383cc3c659298ec82,James Nguyen,4,True,Undergrad,male
545,2003-11-29,ce2e9735e55642b4ac76c2e1f7568473,James Good,4,True,High Schoool,male
546,1998-03-27,e9f6d13821294f53a72cf8a774cf3935,Frank Boone,1,False,Grad,male
547,1999-04-27,4be2e9a0bdbc4eac87afeeef6932158f,Dawn Patton,1,False,Undergrad,female
548,1979-01-15,5929b855a5dd4046a239c3f68575ddb2,Alejandra Simmons,1,True,Employed,female
549,1982-11-10,ba5085b2e6034d749c73c96145ecf4c9,Jennifer Hayes,5,True,Employed,female
550,1991-06-06,c945548e240340d6b89092052bc714c5,Christine Nelson,1,False,Employed,female
551,1960-02-02,93ee189b98df44e89a3c4bba691e40d7,Maria Coleman,4,False,Employed,female
552,1960-01-03,23bc93b22caa484186d6667e720963cd,Lori Williams,4,True,Employed,female
553,1980-08-30,37b451f0ce744abc8120346e2924f740,Terri Jimenez,3,True,Employed,female
554,1971-04-27,937e6325a8dd4bd39a9b04e3c0776c9c,Mary Gonzalez,5,True,Employed,female
555,1961-09-06,f77ea66bd0854fcaa68849df847b31e6,James Kent,5,False,Employed,male
556,1981-02-04,bce5ce833ce241ae86464d940daa5b55,Ryan Brown,4,False,Employed,male
557,1978-10-17,b25247cd0540429ca6c70ffb012c7319,Rachel Strickland,4,True,Employed,female
558,1992-05-28,ab5008338d6943ee8d8145ca6724e8fc,Sarah Duran,4,True,Employed,female
559,1982-01-18,3034ab8985634cb497742c0cf9818186,Emily Martinez,1,False,Employed,female
560,1985-05-30,ae17ceb98141444f953ce5cffac40312,Gabriella Washington,4,False,Employed,female
561,1964-03-21,c345c27281a045d6bd3f4049c8b98297,Jackie Mccormick,1,True,Employed,female
562,1961-11-15,943b994252064564a20d8310005d8378,Ronnie Anderson,4,False,Employed,male
563,1985-10-28,0ddfbb840e184566bfe9a0cf720bc3af,Olivia Hall,1,False,Employed,female
564,1969-02-06,f425e0311db94cd792006ffec1b4b105,Sarah Reyes,5,False,Employed,female
565,1994-08-24,b7736eac1f28404bae3a271093cfcbd8,Natasha Weaver,4,True,Employed,female
566,1975-11-23,0056a9ba0b7a46bfb26166b465f2596d,Catherine Gibson,1,True,Employed,female
567,2003-07-27,c79ad1fe7b3a49b5a732c7fa52a46f9c,Joshua Kennedy,5,True,High Schoool,male
568,1991-12-21,d3827336df6e4035b9bc610c746dfb41,Maria Parker,5,True,Employed,female
569,1968-04-25,11d5cb423b2644de9a553c097be56418,Alan Turner,3,False,Employed,male
570,1968-10-04,b04d40958f514071bb0e2f5384d7122d,Nicole Tran,5,True,Employed,female
571,1996-11-19,a86ac9eaf1f24908af215dbfa0b329f2,John Valdez,5,True,Grad,male
572,1980-08-02,e7b0114f5adc445a9440d95699549195,Morgan Lynch,4,True,Employed,female
573,1996-07-14,cb18ce68d23742f98e14313e0ce5574e,Michael Ashley,5,True,Grad,male
574,1961-12-06,38ff08d5238f45ce91ea63eeba0e1e20,Larry Jackson,4,True,Employed,male
575,1975-06-04,2724c5a242144222906daafa26cbc6f0,Deborah Martin,1,True,Employed,female
576,1996-04-08,55370d12a023460db36979e229ede6bc,Joshua Rosales,1,True,Grad,male
577,1967-01-31,b810bced01a949a3a695bfea6251af48,Amanda Ball,5,True,Employed,female
578,1975-03-04,39e7d34e45af44cc9f47c5eb5a17b54f,Frank Miles,1,False,Employed,male
579,1992-03-11,fc95b0924dbb40c1a73678d42c477bce,Charles Hart,1,False,Employed,male
580,1965-12-10,d741ecc7281a4e2fa5444df01c786678,Sarah Frederick,1,True,Employed,female
581,1985-02-04,9e5c1eaa706c49faa3054c10c7a200b0,Gabriel Gilbert,1,True,Employed,male
582,1992-09-21,da970554c62c49b4a49ceef4f4cf20f7,Jennifer Rodriguez,5,False,Employed,female
583,1986-06-25,f7ca6a2a29154910b17b0a4e3d21e27f,James Smith,3,True,Employed,male
584,1991-12-21,3c92961c2bdf458b819f0bf171bdf651,Aaron Donovan,5,True,Employed,male
585,1980-06-19,17fa310f5e9d4eaabf0fe55675c933a5,Anthony Jennings,5,False,Employed,male
586,1992-04-16,db20358d3dc44d7caf334ec5e036c5de,John Kim,3,False,Employed,male
587,1990-05-16,2e7d633af4dc482db17a37d49570bde4,David Moreno,1,False,Employed,male
588,1966-02-07,a12adc08bea44d9ea3ac3d2123a629d0,Deborah Robertson,5,False,Employed,female
589,1970-07-02,f3437492c6ce4780a670c50d0d540f4a,Tammy Harper,4,False,Employed,female
590,1999-09-21,c1c4d16f5f9b4a809c45591806f9cf04,Glenn Rogers,4,True,Undergrad,male
591,1985-03-09,443a40ebd16747b2a389ef4535928480,Robert Lopez MD,4,False,Employed,other
592,1963-06-07,ca603736034f4a94b178fe185aa2d598,David Sanders,1,True,Employed,male
593,1972-11-21,7149a5f2e7064bb6945fbde174bf0526,Erica Shaffer,5,False,Employed,female
594,1981-10-18,139d564cdd5c4e5d9e68c7393d9e680d,Brianna Hale,5,True,Employed,female
595,1985-01-07,d6372dec1e0f404fa92c3b699d960e2e,Andrea Ramirez,4,False,Employed,female
596,1995-10-02,ec2859c7e4614322bd3ad02026ef661b,Jennifer Bishop,4,True,Employed,female
597,2001-08-08,a7bb4d9622614e28ade7371596e5e11d,Brian Bradford,5,False,Undergrad,male
598,1961-02-28,974595b2c81e46d29a5cc0da7adf5f0f,Victoria Wilkerson,1,False,Employed,female
599,2002-10-31,a5a7e3e7ae40431aa810d02c0f70a1ce,Joseph Perry,4,True,Undergrad,other
600,1982-10-06,551467a0397a4f759eebe8bb1894c7d7,Michael Mcneil,5,True,Employed,male
601,1980-12-09,158ba4ce6b8a4b8bbea731828c17d961,Stephanie Hart,5,False,Employed,female
602,1994-06-08,30b48c25ca2d4195bd4396ae3a4860e1,Monica Cooper,1,False,Employed,female
603,1987-09-25,9c0a62ddb63b4af7a75dce7b5e4e153d,Kelly Cummings,3,True,Employed,female
604,1989-12-15,bf6cf98d0e2b45eb8fa41504b550faa6,Wesley Sawyer,5,False,Employed,male
605,1973-08-01,c8f9e16ab7ce4735a990fb8978a023c7,Valerie Bennett,5,False,Employed,female
606,1971-07-10,e7e0a53a0747479392e804f0834f57c6,Samantha Adams,1,True,Employed,female
607,2001-08-06,674029c5a5c14c61a940c5e93338e80c,Misty Clark,1,False,Undergrad,female
608,1971-08-30,6daa06ef740345e585b84346e5ce8255,Christina Parker,3,False,Employed,female
609,1973-03-10,f2edf6735b6a46b7a39562776505780d,Tara Rodriguez,2,False,Employed,female
610,1985-04-29,b883c7fcf4484c3f8cd68ad35dec4c74,Travis Adams,2,False,Employed,male
611,1965-02-23,816322aedf9a4e7d9fb4eec6ef47eac3,Kenneth Cross,4,True,Employed,male
612,1968-06-22,86f4c788b7244ab58d616e2f3cc3c15f,Angela Hardy,1,False,Employed,female
613,1963-06-06,0c331723914c4556ac9ba1b095089948,Edward Salazar,1,True,Employed,other
614,1972-03-19,f4e77b95bd6f4a5195017545db56bc8e,Mark Hernandez,5,True,Employed,male
615,1998-01-31,5adc517bd0934e1688f12231dd7db795,Jennifer Moon,1,True,Grad,female
616,2000-09-29,febb0e9b56394281b166b2d15397e139,Ashley Campbell,4,True,Undergrad,other
617,1968-08-09,f7140b466bc745a99ce1aa083abd2cb2,Mark Payne,5,False,Employed,male
618,1997-10-30,1edad1fdb78144828d5e86ee404f6735,Lori Lynch,5,False,Grad,female
619,1999-02-24,c2dd5fe5f36c48858c36238202c1c298,Mark Martinez,1,False,Undergrad,male
620,1994-02-25,1c267420f0c1444dba0223f45b09ba36,Terri Wilkinson,3,False,Employed,female
621,1963-09-15,923f10b59a874b12a663b6516b1459de,Jessica Fritz,4,True,Employed,female
622,1985-01-27,1f120580566a421cb335a37bc16fc9e3,Joseph Smith,1,True,Employed,male
623,2000-06-29,2fa1501e894847f485a0defbe9117883,Stacy Carson,5,True,Undergrad,female
624,1976-06-24,b4bcbaae344a4fbd8db0053532f9cf0c,Miguel Hernandez,5,False,Employed,male
625,1961-05-21,ef02450f5b2f4d659bf4139324a5b3f9,Wesley Brown,3,False,Employed,male
626,1996-09-13,ab7882baae2541a2b1c370e0d69f24b1,Samantha Sullivan,1,True,Grad,female
627,1982-03-14,5c8ffaaaae64480db2783e3765eda1d0,Christian Miller,4,True,Employed,male
628,1977-11-08,016e9ecc15334bb2ad4228a318167f40,Danielle Day,4,False,Employed,other
629,1991-10-11,8664433244c044e68f686fa9ccd57699,Carol Todd,2,False,Employed,female
630,1979-03-13,7e52d777ca5645358afef6ccd53f4d7c,Brenda Casey,5,False,Employed,female
631,1980-08-20,16065773e9be4ae0b8bfd690cb0093db,Kenneth Freeman,4,True,Employed,male
632,1999-05-06,6f7d8585c8014d83a5dd74a30f18c39e,David Ramsey,2,False,Undergrad,male
633,1989-07-01,44f2168fb5474f67ad659e430c937f7f,George Sherman,4,True,Employed,male
634,1976-06-29,6215900afd164376a649895aaac20cdd,Dennis Campbell,5,False,Employed,other
635,2000-11-25,a80e2163bab64c61a7e7b31cf14d3253,Kenneth Patterson,2,True,Undergrad,male
636,1992-10-24,cfdaf775cf8e4199907b5b0307153798,Sandra Morrow,1,False,Employed,female
637,1962-10-30,7c839990f79e4e06bcbd816632a00101,Brittany Wilson,1,True,Employed,female
638,2004-08-02,a0c57ee23bf9476392814ae9540e8738,Jenna Moore,2,False,High Schoool,female
639,2001-03-03,a9cbd27bcbc443b885f9d502ad387268,Eric Hansen,5,False,Undergrad,male
640,1979-11-28,c4995f3e206b432abd6abddc4c00e903,Sydney Mccann,3,False,Employed,female
641,1995-10-28,ea300a2d007d44269dda5d88d3abc7f8,Shane Hughes,3,True,Employed,male
642,2002-08-27,6d44bc774dac496a8d3fe0ea7e186d04,Brian Nichols,2,True,Undergrad,male
643,1988-02-07,513d8c5967604b04866b89ad1f407540,Jason Thomas,4,False,Employed,male
644,2001-06-07,63019be261134de1937c7221a9cec05d,Jeanette White,2,False,Undergrad,female
645,1969-08-31,198952385a89447c8689518b770521de,Tyrone Jones,3,True,Employed,male
646,2002-06-16,698a0582fe8f4bc98e74ce7b49a8cd24,Todd Glass,3,True,Undergrad,male
647,1975-10-08,8ee63a6f0a05476295c0bc0ab49355e9,Lonnie Davis,3,True,Employed,male
648,1971-09-03,455fe520fc8142c9920bbd86d0841de4,Stacey Moore,4,False,Employed,female
649,1986-09-08,b15c197341c74229b835370f1d553dfc,Donna Ross,4,True,Employed,female
650,1999-01-26,ba4dbf2eaf424074a032cc90e56e2d33,Peter Quinn,1,True,Grad,male
651,1977-08-17,220042a022984dcd9c27ead755724992,Scott Hernandez,1,False,Employed,male
652,1969-02-28,2db7b437a0ec467684eef054886ef862,Patricia Roberson,1,True,Employed,female
653,1981-09-20,369a7a6810194b5991e00e73a4a758b6,Aaron Bradley,5,False,Employed,male
654,1976-07-11,b34c05ecda3c4c1ea5522f3a7d106909,Patricia Scott,1,False,Employed,female
655,1961-08-14,860fdcc251a84e65b53d0f941c8496a7,Monica Casey,3,False,Employed,female
656,1977-02-18,e0ae4b4b433640b69e1ac45b8d77dfa8,Brenda Green,4,False,Employed,female
657,2003-04-26,37c6c2ce29704fb0ba2e87b6cf2283a6,Jennifer Zamora,5,True,High Schoool,female
658,1965-06-12,ab5550707caf43f88184c6729259837a,Faith Contreras,1,False,Employed,female
659,2001-08-19,ee4dc7722f0048f3bbe80e4b03855dc4,Christopher Willis,3,True,Undergrad,male
660,1994-12-19,a15e203d0b1b4cd9bf0542aa035603e9,Peter Washington,5,False,Employed,male
661,1985-06-11,df71730e02b04b709f81624cc74c7804,Corey Adams,1,True,Employed,male
662,1995-04-25,e8bfe881e79d456f924698244b7de048,Matthew Rosario,2,True,Employed,male
663,2000-11-17,9a9d56d71bb3494a973ee2b826b1d054,Brandon Walsh,4,True,Undergrad,male
664,1988-06-23,4ce67d2af5544025847097505d99a122,Joseph Watts,2,True,Employed,male
665,1970-06-22,cc59a51b059b498d87e7ec81d0d370ce,Lisa Carey,5,True,Employed,female
666,2000-04-30,70680234cdbc4d2699c056682081be39,Phillip Hernandez,4,False,Undergrad,male
667,1965-12-31,8884bd36e0cb4810a594e3c64df276b4,Elijah Payne,1,False,Employed,male
668,1978-07-25,0ac31c26ef3e472387527ea1607acc20,Alyssa Lewis,1,False,Employed,other
669,1969-09-15,16f2f23464654984afefd49f4ec8e0f2,Ronald Mayo,4,True,Employed,male
670,1997-08-26,7bbe627e58b645e9b9ff5b1517bed323,Mr. Ryan Allen Jr.,4,True,Grad,male
671,2003-07-19,f5c416ab79574b809990c952dee4080d,Gregory Barnes,4,False,High Schoool,male
672,1981-03-30,0822fe2d45a54ecfbc4f4501b64ea207,Mary Mills,5,True,Employed,female
673,1998-09-30,06900e11cb0c4732bd6e81a41b8b6bcf,Anna Hernandez,1,True,Grad,female
674,1960-04-16,bb26026fb02c4ac39131d0b7e6d62b0f,Nathan Chavez,5,False,Employed,male
675,1972-01-01,f658864f6a844164a70885f1a0069d71,Gregory Graham,2,False,Employed,male
676,1964-12-22,384f4e199b4641849b8bef3807342869,Krista Todd,3,False,Employed,female
677,1991-06-09,af792ea2ab9d4f55a8d4ce75a6d10c7c,Darrell Paul,5,False,Employed,male
678,1987-08-19,b94e3cb9318e461db558bf647f0d648d,Carolyn Bradley,1,False,Employed,female
679,1986-07-07,90095f86f715414194115a052187d0f7,Russell Garcia,5,False,Employed,male
680,1999-06-06,6ee8d5f190294f16833883f4b426416a,Mary Fox,5,False,Undergrad,female
681,1981-07-13,7a0510635e0446948e519a0788c88781,Shannon Robinson,4,True,Employed,female
682,1976-12-08,81bbff2d3f6d4bf38f0e9cff2e33b195,Juan Myers,3,False,Employed,other
683,1998-05-24,4a649861084748518051f2621a616642,Mallory Jackson,1,True,Grad,female
684,1969-05-17,2b562910425e49d38fe4c58cb2ecaeab,George Stephens,5,True,Employed,male
685,1977-09-07,d3ed8ab0264a48ed9aeb96ce24ec7ce1,Mary Smith,1,True,Employed,female
686,1978-12-31,00ae203a14e7427ead82232c46dca65e,Holly Thomas,5,False,Employed,female
687,1984-11-20,3236fbd4dfd4413ba4b7f388fad5ee9a,Jeffrey Franklin,2,True,Employed,other
688,1986-04-27,4cb0aa916c464976b45be3581ce5f03c,Holly Reyes,1,False,Employed,female
689,1982-07-09,14537f75c85c466fb90c5e46f284a761,Dustin Petersen,1,True,Employed,male
690,1964-06-25,e3a31cf9180346aaa527454f119431fd,Meredith Shaw,1,False,Employed,female
691,2004-09-12,598fe7bdeb434c53820ab167f10b0999,James Williams,5,True,High Schoool,male
692,1984-02-15,d212830d6eba415cb97bad044cc2d0c7,Adam Smith,4,True,Employed,male
693,1981-06-26,3bacbc07706c4515a5ed47071a0b285e,Lauren Aguilar,1,False,Employed,female
694,1981-07-26,8b77215619e4411f93a9f964795acc17,Jerry Wheeler,1,False,Employed,male
695,1963-10-26,eaf30bbe70384ebc8add77093cc3c0f3,Courtney Daniel,2,True,Employed,female
696,1992-05-11,91774ab5bd6141369fe10884476e7d09,Robert Becker,3,False,Employed,male
697,1972-05-25,8150feffeadf4c82ba12cc6d9b81f515,Deanna Watson,1,True,Employed,female
698,1981-05-15,9e590ed2288a4c9db58ac6bd8ff20ccb,Angela Carr,4,True,Employed,female
699,1961-11-05,4d031c9e0926401287fe83b8b8c0cda7,Kara Clark,5,True,Employed,female
700,1962-07-30,20732932e6b54b919229cd383ac2e6e0,Sarah Barnes,3,False,Employed,female
701,1976-04-14,c95394a9f1e447c1a7aeb652590c94eb,Kelly Mcbride,1,False,Employed,female
702,1968-10-20,8255de72c7d04e0096ef49d42b124002,Richard Wolf,1,False,Employed,male
703,1974-12-20,c6b1306b0448425bade537baecd658bf,Daniel Patterson,5,False,Employed,male
704,1978-09-13,256d7b6d030b461ca228ac6789f498a6,Katherine Gonzalez,4,True,Employed,female
705,1990-02-25,602f7f3ee8114190b38ff2561bfbe620,Kimberly Webb,3,False,Employed,female
706,1969-09-25,ffd87abbc4d943f19e7bcb194663e059,Brett Hebert,5,True,Employed,male
707,1980-04-25,595ca49d46b04e7fb870462f88aef63e,Spencer Hunter,4,False,Employed,male
708,1986-05-31,f03be3cdf05a4f03b44aca899281aa20,Bethany Neal,3,False,Employed,female
709,1968-10-28,0871b722afe64da580b0557f2e94a1b7,Timothy Daniel,5,True,Employed,male
710,1999-08-10,4b956906ff7a4f3dbba2ca83229becd9,Seth Kennedy,4,True,Undergrad,male
711,1976-05-06,6882da5b9ffb47338dda7c9c0d5019e4,Allison Thomas,5,True,Employed,female
712,1983-02-15,f288c26f26a744b0bc137f07f16698f7,Christopher Price,3,False,Employed,male
713,1986-09-10,f83ff4924b3342bcac60f8dca2f7791e,Michael Callahan,5,False,Employed,male
714,1979-07-25,0f7d2eb032264892aaeb5093642d017a,Ryan Underwood,3,True,Employed,male
715,1985-08-31,2dbdc6dba45f4aa097043bd82b2535b9,Edwin Johnson,5,False,Employed,male
716,1968-10-11,9ec2523474a9412495d0855e377a1641,John Shah,5,False,Employed,male
717,1991-02-10,b0c697db9ae94d91ba91a87b8131dcc5,Marcus Whitehead,2,False,Employed,male
718,1968-04-28,439ac867f3de456d96956d83fdeccbaf,Sarah Sutton,1,True,Employed,female
719,2001-03-03,fbd95d1ccc3b4882b78af180c785fb9d,Tracy Mitchell,4,True,Undergrad,female
720,1971-06-10,975663e298464b5095fdc6b38f831021,Christopher Johnson,3,False,Employed,male
721,1995-10-06,ce4da934ffdc4313a0177ec93ecab4b0,Melanie Taylor,5,False,Employed,female
722,1984-07-07,fbe7657d29bf4992bb0a60c8db2d7fad,Gregory Odom,1,False,Employed,other
723,1974-11-08,f5b8de2199cf4c4ba5c989851319769d,Christopher Edwards,5,True,Employed,male
724,1988-04-16,1cdca46e847440f1b1ab86fa2911a543,Nicole Diaz,1,True,Employed,female
725,1999-08-20,87335b86450245db8c64a704918a50b5,Kimberly Jones,5,True,Undergrad,female
726,1977-08-09,3867440744be43afa7f9f96b9095c995,David Richardson,5,True,Employed,male
727,1961-07-09,75502c22ba9a4ecc8feab6e81c50b734,Gabrielle Reed,3,False,Employed,female
728,1976-10-06,fde6c742f5d046a29d969d3f328323e3,Vincent Gates,5,False,Employed,male
729,2004-01-24,6fc1482016cc4a4486d6cecf2cfe47b0,Tina Gentry,5,False,High Schoool,female
730,2002-06-16,686f5bbb7d9e43e59fd3497ef89802a6,Alexandra Strickland,2,True,Undergrad,female
731,2002-02-09,7e092459399b433c84cf3217c8631da9,James Carr,2,True,Undergrad,male
732,2002-01-10,eeb927b8b8534f27bb70896a536d42d6,Nancy Bailey,4,True,Undergrad,female
733,1973-04-08,d401b5f82a364d69a9e3f6dce463254c,Chris Garrett,2,True,Employed,male
734,1963-05-13,09173ba6cfd648c7b00d671315bc36e3,Shane Smith,5,False,Employed,male
735,2003-02-24,9d843a753c9446f1b625785eff485d9b,Joseph Knight,1,True,High Schoool,male
736,1969-06-06,c90cd95c7dc74951a0705382c19866f9,Anne Lopez,1,False,Employed,female
737,1961-10-25,a538b55a429e4127b5097268d746edf3,Diane Li,4,True,Employed,other
738,1987-09-15,4348a0e8d59e4cad8a0c52a1716412e8,Richard Bonilla,4,False,Employed,male
739,1963-01-22,ec2dc4c091314d1e986a54a79e8aae0b,John Pope,2,False,Employed,male
740,1993-03-28,ececd0c8772c41b6b6bea668659378f3,Jerry Gonzales,1,True,Employed,male
741,2000-03-20,27b1626cca31415691d4a89b9099a751,Kyle Kelley,3,False,Undergrad,male
742,1997-05-09,622f004b74a04d66aab8f82a736cecd1,Victoria Lucas,1,True,Grad,female
743,1961-02-07,d1d90bd8e8d547e5992a711c1a7c2e54,Rodney Mcconnell,1,False,Employed,male
744,1995-04-18,5ab2a57e93114c79a319d3ed51dc14c7,Nicole Weber MD,1,False,Employed,female
745,1971-01-30,e9dd6adde9534e25abca928ba245e9f9,Oscar Stewart,3,True,Employed,male
746,1964-06-13,a9fa36e31aa74d3889f93fd1fc9bb5d3,Robert Fox,1,False,Employed,male
747,2001-02-21,8f451974931b48e29ba9fa15148d9da6,Emily Schultz,1,False,Undergrad,female
748,1999-09-04,beef5558446c4ebf9d648b352c5f4dae,Melvin Gonzales,1,False,Undergrad,male
749,1965-04-10,c7b397b01e474ffebd584517b099301b,Kristin Floyd,1,True,Employed,other
750,1990-01-15,ba1d70c34fe7499fab14311eb0ee7a93,Miss Mary Jones,2,True,Employed,female
751,1964-11-11,7528f3459146443e9da19cd231b25ffc,Angela Turner,1,True,Employed,female
752,1970-01-21,7040d57389414230b55e64c6e92af2f6,Gregory Harris,1,False,Employed,male
753,1994-10-04,3be9caeeb77f4096aa9ee4415bc5a5e8,Angela Gordon,1,True,Employed,female
754,1997-03-01,78d281495999481cb04747d4a1471979,Matthew Carpenter,5,False,Grad,male
755,1969-04-28,8f7e3c981b814a3994de9b070186c9c2,Douglas Williams,1,False,Employed,male
756,1978-06-26,b34edcabef10458b98f7ba985ba7d383,Monica Blair,5,True,Employed,female
757,1961-07-10,a7be7009e9ba462cb936c7319207bc3f,Deborah Reed,1,True,Employed,female
758,1978-09-01,9b70223d2818443f8284153103bd8974,Joe Martinez,1,True,Employed,other
759,2002-05-23,88ea062135a74302944fbb2609d33b75,Nathan Wong,5,False,Undergrad,male
760,1985-09-04,1486bca817034f8bbf64ab6211221a54,Jerry Shea,3,False,Employed,male
761,1994-08-18,b9f707ae6a744c8aaa191c6f1f4b7eda,James Fitzgerald,4,True,Employed,male
762,1961-07-20,5df6f27d6b48491daa71382d56f78c60,Jessica Norton,1,False,Employed,female
763,1986-03-24,5453ecef2f464dcdb05dc29322e2fb60,Tammy Kennedy,3,True,Employed,female
764,1998-07-18,11667d74011f4625b7a0f479e4535a72,Joshua Martin,4,False,Grad,male
765,1971-10-03,44f3a740448e4a629c10ec01b8d79321,Michelle Villanueva,3,False,Employed,female
766,1996-03-01,34f57f6f41ae4519b95a718f7d83b504,Jermaine Bennett,4,True,Grad,male
767,2002-10-22,f4978308228c43cf96cc400ee9e086ea,Benjamin Bryan,3,True,Undergrad,male
768,1994-02-24,636fbab9f84a4d148719b7ac7e33b49f,Wanda Wilson,4,False,Employed,female
769,1969-03-15,4d2cf9d396ed403b9ca6f502df3f4435,Jennifer Sanchez,1,False,Employed,female
770,1968-01-22,cfb16e86ab65409183518a94c1dcef83,Eric Vazquez,5,True,Employed,male
771,1995-02-11,0b61ea1a54464e4ebdc9c775f863d27d,Kevin Mccarty,5,False,Employed,male
772,1993-05-03,3e81204f376c464f8613c5684b29b2b7,Brandon Pitts,4,False,Employed,male
773,1994-08-15,4dac980a1b144bd9a3d730abce4b983b,Joseph Mueller,4,False,Employed,male
774,1979-12-24,5824101f571244ea80b2b1228fa35ada,Lori Barry,5,True,Employed,female
775,1979-09-08,b2afc1b981294e11a15de875cd89c939,Bobby Johnson,4,True,Employed,male
776,1970-07-20,1051c9876e774935b95a6694a7c5b89a,David Robinson,1,False,Employed,male
777,1993-12-24,d11a98edfe1d46a4b38825c54c1e2e7d,Kayla Craig,3,False,Employed,female
778,1970-01-05,0b676222aa4d4642b3f86ea38f4a29fb,William Parker,4,False,Employed,male
779,1991-09-20,d3381b12adb04225b07bd7555861f670,Trevor Reed,2,True,Employed,male
780,1986-09-25,e7f6e73ceb5b451fa078f1adc25da954,Brandy Stafford MD,1,True,Employed,female
781,1986-11-05,26b4e953045b4db99dd62bb26a5ce7f1,Jennifer Ponce,1,False,Employed,female
782,1968-03-29,b725a6d9b61f439cb9b58cb54a6267db,Kathryn Moore,1,False,Employed,female
783,1964-01-07,e83dd770c70a48c49431b7aab0968dcb,Gabriel Garcia,3,True,Employed,male
784,1988-07-04,aa79b83e7a7b4c1986aa2cebe1af92a6,Shannon Blair,5,True,Employed,female
785,1970-01-17,bffeb006877945b0843b3262ee1dc818,Jorge Dawson,5,False,Employed,male
786,1989-05-22,fe2d5f80ebf84dec91217a4b0d15f10b,Jacob Cross,5,True,Employed,male
787,1979-04-29,b0dde7c877904701a3170685df5496f4,John Parker,4,True,Employed,male
788,2003-12-17,dd6f3701b9984c528bf04f61e6b7ebbb,Christina Sanders,5,True,High Schoool,female
789,1962-06-11,4cf850f3daf64711b773442a853850d5,Heather Porter,3,True,Employed,female
790,1993-05-27,7cc59dca8bc64b37b7c01320e6d385da,Kristy Stewart,5,True,Employed,female
791,1998-04-10,9b61d9ab38ca4a37855945cadeca7b5c,Christopher Farrell,4,False,Grad,male
792,1964-03-23,397881ee61b54df6b1af4027136f544e,Judy Phillips,2,False,Employed,female
793,1981-07-29,271197b9d465434dbfce40993ee7aaa4,Jeremy Murphy,4,True,Employed,male
794,1970-05-05,3d1c7efcd2ce4f13a75b6230b17e9cb9,Chad Webb,5,True,Employed,male
795,1983-08-04,967cbb6e245a4aeaa187572f8049a985,Donna Villarreal,4,True,Employed,female
796,1983-06-09,5938f45e7a9e4b1a980c781411b1d0bc,Traci Taylor,4,False,Employed,female
797,1972-01-18,afae122fa1a24e84adc8c3238fbadd90,Dustin Hanson,1,True,Employed,other
798,1990-11-17,1ab2e51d941d41e5b6b4e9a32f34cc77,Ronald Smith,5,False,Employed,male
799,2003-07-28,d6a8f7c5993047ae95e30610fd6df1e2,Richard Banks,4,False,High Schoool,male
800,1999-09-11,d67d393af2674cc583f2ec38e1d8538f,Lindsay Haynes,1,True,Undergrad,female
801,1972-11-01,9679cc505002458baf39d43cc7f96abc,Rodney Holloway,1,False,Employed,male
802,2000-05-28,373def23eb1740e3a91ffe3e770636df,Christopher Leach,4,True,Undergrad,male
803,1960-12-18,301b5a99b9524ce8a7430e2e65b5c3f4,Michelle Levy,2,False,Employed,female
804,1976-09-14,0cf2a394e57e4420a5701b83c7cc913c,Brandon Anderson,3,True,Employed,male
805,1993-09-15,670cd46de7bb4d4f901a7e7b6e2c019c,Justin Hart,5,True,Employed,male
806,1960-10-22,34e5a2798f044f8b86962290727bd1de,David Clarke,1,False,Employed,male
807,1981-10-06,62a0a7c335c54e40a2615522744e5c29,Dr. Benjamin Boyer,5,True,Employed,male
808,1978-09-11,9bb577c4ce4547fa96e78ff689983b6e,Samuel Navarro,4,False,Employed,male
809,1967-02-25,ded46bba1c12438abe65611e0e9049f5,Ryan Weeks,1,True,Employed,male
810,1987-04-14,d9cf87289b85407cbdc88adadd56dab5,Linda Garcia,5,False,Employed,female
811,2000-06-09,9c9ef5dcb0974024b61761e36af7f310,Erika Hutchinson,1,True,Undergrad,female
812,1984-05-01,af13091b9868487b986eaa896f55823a,Christopher Gillespie,3,False,Employed,male
813,1974-10-25,a5d4941c21a84376afb13a4a354cd0db,Nicholas Fleming,1,True,Employed,male
814,1960-05-22,51807e68c59f4d3ab6126de1f491d108,Matthew Johnson,3,False,Employed,other
815,1967-02-05,c016a2e30ee14c4d86b97dad738db692,Nicholas Ruiz,5,False,Employed,male
816,1998-11-28,33b440211f1940e884caac1d725fe790,Cheryl Suarez,4,True,Grad,female
817,1983-08-29,68476445d2a64d748949015e9457bb2b,Gary Kennedy,3,True,Employed,male
818,1971-08-04,334b5c880dc04f57a0b71910338e2cc9,John Davis,1,True,Employed,male
819,1974-01-30,ba29a7d8b21045acaa5da36cecbe0d02,Mary Williams DDS,5,True,Employed,female
820,1995-10-19,1d95aaeb815e46359693f438479cae1b,Patrick Santiago,2,True,Employed,male
821,1966-11-26,e0ed3a1480f9467ebd36dea95ea05b2e,Melissa Davis,1,True,Employed,female
822,1967-05-09,8851091bc3db4a9c979da8d095b52581,Kelli Alvarado,4,False,Employed,female
823,1975-12-22,826edff515834e4fb22facd7ec0ad229,Dennis Chapman Jr.,4,True,Employed,male
824,1987-12-24,ca72afdeead6419d90b0593dc50523c6,David Thompson,3,True,Employed,male
825,1976-09-27,0040ee31081d479190dc3041e263c733,Benjamin Sherman,5,True,Employed,male
826,1987-03-19,220265aecc2343aa837ad040302ab772,Debra Powell,1,False,Employed,female
827,1979-04-22,fe2f3784fbd34397bce561cf9a17581e,Jacob Richards,5,True,Employed,male
828,1964-09-01,4aaf439f0b214625af7ed4efae9d0785,Sandra Kim,1,True,Employed,female
829,2002-03-08,79633813c9b041c281ad7369251e40fe,Keith Brown,5,True,Undergrad,male
830,1968-08-25,d10aa9f0fbb944afa10d4f8ddbc91879,Jeffrey Stafford,3,False,Employed,male
831,1962-04-07,71fc5c11bf54430c9bfc05a8b0124ba3,Kelli Lee,1,True,Employed,female
832,1983-08-15,71ac0bdd595a4e45b54f8c2b7c06c615,Daniel Moss II,4,False,Employed,male
833,1990-01-08,c6bc5c9a71e943488e7dbb9fe8e1b6fe,Nathan White,5,False,Employed,male
834,1991-10-27,9bbbfa158cde4bc79ea68b43ef449753,Laura Lee,4,True,Employed,female
835,1960-03-01,5b29f705b681467bb2012ab3a70650c9,Andrew Richardson,1,True,Employed,male
836,1994-12-26,3b896544d72e4e7698beffc72c821223,Jennifer Mcdaniel,5,True,Employed,female
837,1968-10-18,c0fadb3af50742b49fbaa8c18af2a229,James Sanders,3,True,Employed,male
838,1983-09-04,57249d9362704d5ab3a710cf22d5e4f1,Christine Adkins,5,True,Employed,female
839,2002-09-13,4e528f1e47c84095963e85fc1326faaa,Melissa Knight,3,True,Undergrad,other
840,1969-10-01,61d20a7779374b4ba2b9a5f54cf09822,David Thomas,1,False,Employed,male
841,2000-03-28,2066b38ac3784e98902c043fd11956e5,Sara Fisher,5,True,Undergrad,female
842,1977-01-21,d04deb8e83264928b59c4278b266ce46,Cody Harris,1,False,Employed,male
843,1990-02-09,0afe61da8be44539ab2d5787831a96fb,Luis Chen,4,False,Employed,male
844,1975-05-07,e05e39d314274136b565987c56f624e7,James Jackson,5,True,Employed,male
845,1968-09-07,925e317a5c584cc886c4f051496e0146,Sydney Davis,1,True,Employed,female
846,1973-01-23,c8455514bcba401e9c30b04c0b07f32b,Michael Mccarthy,5,False,Employed,other
847,2004-01-09,cebb7232cbd644ccbe662ac6326194a4,Ronald Davis,5,False,High Schoool,male
848,1962-07-30,a8137fc89da84949821ee03793510bc5,Marc Wong,5,True,Employed,male
849,1973-07-14,83239de160ee460292360dfe93dcff05,Matthew Hudson,1,True,Employed,male
850,1976-08-04,b7873d5e3620449cb6695ae35bead0c3,Kathleen Johnson,4,True,Employed,female
851,1966-10-02,54db1cdc750a4ee2af338180dd66b12a,Kenneth Johnson,3,False,Employed,other
852,1992-08-20,312d6398f2da45ebb727a8bf06802ca1,Jon Gonzalez,1,True,Employed,male
853,1964-04-22,ba8fa185ff724ef8a30c70cd058dc99f,Jonathan Weiss,4,True,Employed,male
854,1983-07-24,5d39abb15c4e4a07ae2963f1d337bb9b,Carl Freeman,1,False,Employed,male
855,1966-08-03,d8b7918453224d848b9f9df38d3cf086,Kimberly Price,3,True,Employed,female
856,2000-10-06,90062e11880b4463b20a78476c95164c,Dawn Thompson,4,False,Undergrad,other
857,1963-07-09,07e2d7d492504ec4b631e641bf1cbba4,Kimberly Coleman,1,False,Employed,female
858,1997-12-14,dfc6f53046df4a16b5b39b0021f87ca9,Susan Boone,1,True,Grad,female
859,1972-09-05,4b8dcd67ecb74a07906e07f5c032f16a,Daniel Williams Jr.,4,True,Employed,male
860,1987-02-25,63f69edb4c584c8592b3c13c9b8d863d,Karen Carpenter,1,True,Employed,female
861,1994-03-17,62063e9511104fd29dba8e94b682ce46,Daniel Casey,5,True,Employed,male
862,1994-02-07,ad76d516b2c845e1b8393a7d39404773,Donald Pennington,3,False,Employed,male
863,1993-11-22,a833cda05c25419296d40c7dc371c6f2,Brian Miles,5,False,Employed,other
864,1980-08-26,faa4899d0686459eae6648ffcba12a83,Diana Hawkins,5,False,Employed,female
865,1980-07-04,a5bd527169094273a32d5dda7b84b523,Jennifer Hernandez,1,True,Employed,female
866,1991-01-09,9c33a7b643b34dc3b6147c7a1d281c53,Paul George,5,False,Employed,male
867,2000-05-05,3425940928914c22b9b599d8d865ae06,Michael Barnes,5,True,Undergrad,male
868,1977-11-29,3b9d6ed68fbe4883b7fc2cd9cb9f06f5,Christopher Patel,4,True,Employed,male
869,1999-03-04,0cc941c3e7594cfbbf5b7de139a07e69,Allison Carter,2,True,Undergrad,female
870,2000-04-03,11e0bf66c6834f4881774fbf04587463,Teresa Daniel,1,True,Undergrad,female
871,1994-06-17,f3153974ec544172a9793d2322506f3b,Michael Kim,1,True,Employed,male
872,1988-08-20,0f5964b0fbfe49df958f6f49ef4050ae,Michael Robinson,5,True,Employed,male
873,1999-04-17,b973f6293f7144d1b32046b4e753410b,Tyler Sellers,3,False,Undergrad,male
874,1964-08-19,9abd73fcbef0496a862fa587e9f2b38c,Antonio Perez,5,False,Employed,male
875,1965-08-03,216e962f874d422eb72fe019a140590e,Dr. Gary Ritter,1,False,Employed,male
876,1967-01-18,e85976f8ab21478282fe03fe23d8308e,Jennifer Harrison,3,True,Employed,female
877,1973-03-30,695d7425655140d481ab23644c12e03b,Casey Green,3,True,Employed,female
878,1990-07-01,9101d076ae614aafbfccac195d7db705,Johnny Kelly,4,True,Employed,male
879,1968-05-18,0be219a7b150442bab41dd89e375366c,Alicia Reed,5,True,Employed,female
880,1989-08-28,e8242964d83443bfbe9ce11a52ebd5c8,Susan Rose,4,False,Employed,female
881,1996-06-05,2ca59707800d4da8bcbe04cbff7507a9,Christopher Soto,5,False,Grad,male
882,1995-11-29,da47bf06853a434eb584efdc938e3ccc,Kerri Torres,5,False,Employed,female
883,1972-10-24,62ec79c7f5344e3c81a36b732225d300,Alan Brown,4,False,Employed,male
884,1995-03-02,99d57717c0b841108821273ae6841075,Mike Jefferson,1,False,Employed,male
885,1997-08-20,822768cd16d64322961a5c1f2146b460,Matthew Conrad,5,True,Grad,male
886,2002-08-25,3922ad77e6544c048f8d1acf17df84bf,Steven Hopkins,1,False,Undergrad,male
887,1978-08-08,a04185a234904821ad57e48b7e8af51a,Ashley Wolfe,5,True,Employed,female
888,1983-01-16,b8234bc5903e458780894429399d727d,Charles Davis,4,False,Employed,male
889,1969-08-18,050eb241b7424b68b8bef45350b3fa58,Zachary Schneider,5,True,Employed,male
890,1969-11-16,243bd81b8de9407587e9d9a8828301ca,Emily Doyle,5,False,Employed,other
891,1974-01-30,5e603a7e34734158b4c747f33a8b0e15,Pedro Hunter,1,True,Employed,male
892,2003-09-04,5f67257aa26140c7a26191bffa7f9c10,Samantha Vazquez,4,True,High Schoool,female
893,1993-11-21,a215581adbea4efa8bce7991fa25c396,Pamela Montgomery,1,True,Employed,female
894,1961-02-19,68410e77ccf84698ae187fd3e8f22782,Ashley Pierce,4,False,Employed,female
895,1987-01-31,ea860d2a114c4649b3250707f4881dd0,Donna Henry,5,False,Employed,female
896,1976-03-13,3976859450014e6fb510e00dcb47c671,Melissa Welch,5,True,Employed,female
897,1981-12-24,b4cb8168f6f04b3a8a09292b3625817f,John Branch,5,True,Employed,male
898,1983-05-25,41476aaaacaf44bfbb8c25744e92b081,Samantha Dunlap,4,False,Employed,female
899,1966-01-16,7603e2f087ec490a9732ca786faf6ea7,Beth Smith,1,False,Employed,female
900,1980-03-02,63d6a13bc6fd44518196603abb3c7693,Damon Rogers,3,True,Employed,male
901,1991-01-21,8e79d62b9982420e9c176c301069c6fa,Kent Evans,4,False,Employed,male
902,1998-07-08,cad2a881e63044f596c568f617485d85,Brenda Pena,4,False,Grad,female
903,1973-01-28,312735275f7a4cd0a93efc9044527e86,Ruth Chavez,3,True,Employed,female
904,1984-02-07,5832d863110049c893c93f5e0b9e2a8b,Megan Andrade,1,False,Employed,female
905,1998-02-22,e876eb1545164681b0565523f87d2087,Theodore Wallace,3,False,Grad,male
906,1961-01-19,93c92699e6d7412bb5015e07785dda4b,Daniel Tucker,1,True,Employed,male
907,1992-02-28,bda94fc80ab044858ef1a6d4804d36ba,Billy Jackson,5,True,Employed,male
908,1974-07-27,d07907c471c34a4ba230e4ec1f29ee51,Veronica Snyder,1,False,Employed,female
909,1992-11-04,2d457fb2bef74b8db2731cf147291986,Joshua Fox,5,False,Employed,male
910,1988-07-26,1d8b1e64d7b245dc853505919cca4e61,Kristina Moore,1,True,Employed,female
911,1968-01-03,c3317fe7fa084b85b512bbe5c1122030,Francis Huff,5,False,Employed,male
912,1964-12-08,5a2657da980246d88d534e1889f3b97b,Marc Wilkins,4,False,Employed,male
913,1986-04-09,e81f42ca745a4d4c9a3606d49e35eaca,Richard Sosa,1,True,Employed,male
914,1996-06-25,13593205a61b4c23a6e5a06f2359c453,John Robbins,5,True,Grad,male
915,1962-12-05,ce02564d0ced48e88595155da65ddfca,Sierra Kerr,5,True,Employed,female
916,1996-10-10,66e38f37775a44edb70634900c28beb3,Valerie Shaw,5,True,Grad,female
917,1984-04-03,e42dbbf1b0364878b3a673d1d0f91d35,Bobby Wilson,5,False,Employed,male
918,1962-06-29,0db42151f55f4b439c6f1bde9c18ea06,George Cross,1,False,Employed,male
919,1966-01-17,eaa26b81c38a4c8782130d3813064e31,Stephanie Nguyen,2,False,Employed,female
920,1971-09-20,640c38436f984d279c8bf7a463ebdd9a,Dustin Guerra,1,False,Employed,male
921,1962-09-23,b9abef8ebeb744a5879be96e112766d7,Christine Larsen,4,False,Employed,female
922,1966-09-03,9a2d6d2a02ee4a7b995bf33b3ed452c0,Morgan Neal,1,False,Employed,female
923,1974-08-29,56379f3babc44edc9bbfd7e49e16259a,Kendra English,1,False,Employed,female
924,1972-11-21,ddcdeb13da9c44aabd4a43bcb52e76de,Drew Parsons,4,True,Employed,male
925,1970-07-09,74c8a4684c4342ba8af387790643ad4d,Ryan Brown,5,False,Employed,male
926,2003-11-14,16b38327b0984527b8d7b215a3711609,Katherine Taylor,2,False,High Schoool,female
927,1985-01-30,87248840c6504fc39e9efb78ac631a4b,Dustin Francis,2,False,Employed,male
928,2004-02-12,b24933433c1344cbb84ffa666b233126,Megan Sutton,3,True,High Schoool,female
929,1967-08-02,a014e1efc89647c6bbce6073f923136e,Mary Pacheco,3,False,Employed,female
930,1973-07-31,781a40c26f6b45a3ab4b7499fbbfe506,Christopher Joseph,1,False,Employed,male
931,1976-03-21,a188b13a6a314d39af69c7f326f4a3ec,Robin Reese,1,False,Employed,female
932,1977-05-14,7b974cb476564e16980d773a4e7ad20c,Joseph Liu,4,True,Employed,male
933,1985-01-15,997685025caa421f8a8d3d9ca5e62f7e,Amanda Evans,4,True,Employed,other
934,1977-07-19,e9944aadd99e443d9435a8eef86dcad2,Anthony Brooks,4,True,Employed,male
935,1976-12-22,8bae264c03674db4b2bf01d53e71e585,Tricia Martinez,5,False,Employed,female
936,1976-05-21,e0de507f698248ff8cea62a66a104d98,Julian Sloan,4,True,Employed,male
937,1962-06-28,301e14ff7ec14e98a6f992ddfeb7c74c,Stephanie Schmitt,4,False,Employed,female
938,1999-09-17,facf958549b64d738edb467731608b43,Gregory Perkins,3,True,Undergrad,male
939,1981-09-08,dfdbbd07f66043f0bcd0cf7fb9e3e691,Travis Allen,5,False,Employed,male
940,1991-11-03,39d291b4d6404bc495bd94dcaa748d9b,Anthony Johnson Jr.,5,False,Employed,male
941,1980-05-30,1c170e526fc849c9816d8c50ffc74cb6,Trevor Short,5,False,Employed,male
942,1965-05-18,ae9322d8038e44179a79ae3989addd3d,Billy White,4,False,Employed,male
943,1998-06-21,0f6237a73d9841beae748971cfc3e22e,Denise Hull,2,False,Grad,female
944,1962-05-13,97e3477ff72743d88e70e0e86de22031,Jordan Murphy,1,False,Employed,male
945,2002-06-20,048ee41e7c1d427da53e4bef28429a01,Joseph Taylor,3,True,Undergrad,male
946,1960-10-06,8ea799234a894ef6ba7b0dfae4c364f1,Joshua Hickman,5,False,Employed,male
947,1967-08-27,c15234cf73634afc87f48ee624c27ad5,Jason Avery,4,True,Employed,male
948,2004-08-25,46b2ab66139446a3b924b61c8ce97546,Donald Newman,1,True,High Schoool,male
949,1993-12-24,34dd4328390e4d0ea18df2ba3af41500,Julie Jones,5,True,Employed,female
950,1985-06-08,3cf95a295ddc4d349bc6940e88834940,Sheri Jackson,5,False,Employed,female
951,1967-02-20,cc18dda1694241419d3c9bce826b0398,Jessica Odom,5,False,Employed,female
952,1960-07-10,b1413a58927c4f66bc752f4b193a6a0c,Dakota Wilcox MD,4,True,Employed,male
953,1964-12-01,66e80e0d36a947fdbbf4376e594a13cb,Matthew Fernandez,1,False,Employed,male
954,1994-04-04,7bb0d81d3fb940e196eaf28030a3a610,Trevor Farmer,4,True,Employed,male
955,1967-09-24,f6a32834d6194c1792f63c728a797792,Thomas Taylor,1,True,Employed,male
956,1979-04-24,b07bbc6cf6a640588ef5e0e0616654aa,Steven Vance,1,False,Employed,male
957,1995-10-22,8a99906a76a3437c9ca3b70047e9c540,Jasmine Dudley,4,True,Employed,female
958,1983-03-05,5b825501387b403f95de04cbd12c63c9,Paul Clark,5,True,Employed,male
959,1980-07-07,a61127cf35944bcf9d439d930efab6a1,Nicholas Caldwell,5,False,Employed,male
960,1989-06-25,317fc3367cda4eb0af4c3c2db766969b,Tony Turner,1,False,Employed,male
961,1966-11-28,0479fdf9b436467b9fd37d4c61952413,Mia Estrada,1,False,Employed,other
962,1982-01-02,a16b3dc09db346f0b67909d24a4a1fa4,Danielle Pacheco,5,False,Employed,female
963,1965-10-22,08077b15fbf74f628a9497667797fbcf,Sabrina Lane,1,True,Employed,female
964,1983-07-24,6c05a1d8ca2a4a068a500f94da4b5d46,Stephanie Ramirez,1,True,Employed,female
965,1999-07-07,3becb7aa18dd479a86507ebb72fba59a,Diane Foster,4,True,Undergrad,female
966,1973-06-24,290f45c349a5411b92625992617f61bb,Denise Garcia,4,True,Employed,female
967,1975-01-22,672f777049a84197a31a4a0b00ec31f2,Pamela Spears,4,False,Employed,female
968,1967-05-30,4f05ed1d62eb4abeaee9b8d5fa6af193,Ronald Nichols,1,False,Employed,male
969,2002-12-10,d76737eeaba445d39f65562093dbcab1,Laura Franklin,1,False,Undergrad,female
970,1965-04-12,b06e742f45984008abd10c3ca3f95bcd,Matthew Smith,1,False,Employed,male
971,1969-06-18,a3c48db0df8643e986ded64d29fe5857,Tammy Johnson,3,True,Employed,female
972,2002-09-21,fb74eb83ec2843718baee1933e5b4aa0,Vanessa Bell,1,False,Undergrad,female
973,1967-06-23,109f1c0c33ba4034bda6a2190cba664d,Danny Booker,4,True,Employed,male
974,1972-07-27,ea23a66eee9d4ce1a5afd1897cde87cb,Brittany Ramirez,3,False,Employed,female
975,1977-10-01,5fd5e4a36aa04d92bb1fa3c2b36874b5,Latasha Rowe,5,False,Employed,female
976,2003-08-23,c4e38475178c45018f454d2f49faf848,William Curtis,4,False,High Schoool,male
977,1985-10-18,ec1dec29017441ea83cb0921c674be10,Keith Turner,3,False,Employed,male
978,2001-03-03,e20a071e8b9a4634a57d19241cd8f241,Michele Collier,5,False,Undergrad,female
979,1996-02-11,c112d7609fd24e5aa522151b77b1cacb,Lawrence Perry,5,False,Grad,male
980,1968-07-12,011395b96a1a4d45be91a3a85efd0dc1,Donald Black,5,False,Employed,male
981,1988-09-25,1551d9fdb424462eb291cf7d0012bbcd,Michelle Bishop,4,False,Employed,other
982,1973-07-18,0dcba3b3fe85468ba204c516c2cc7d61,Veronica Roberts,5,True,Employed,other
983,1983-11-03,62f0525eaf4848548f368ad080bf1517,Jonathan Campbell,4,False,Employed,male
984,1977-07-02,c97f7f9f3a324a41ac8fc5a0506a0746,Jeffrey Golden,1,False,Employed,male
985,1998-12-21,33e7f87bc98c4a7c91c1fb6d2e3c018c,Stephen Smith,1,True,Grad,male
986,1994-12-11,9908417855d1453791a4c4aec3062902,Charles Gutierrez DDS,1,False,Employed,male
987,1966-01-06,df6c7e25dec1422faf5005085ecf5d22,Robert Irwin,2,False,Employed,male
988,1983-02-14,07768710765b4b72bbd8b2a8c5c3cd53,Steven Parker,4,True,Employed,male
989,1972-05-31,e9ddff613bfa40a2b6f40a340979ac1f,Destiny Ingram,4,False,Employed,female
990,1984-08-24,9567fbc3e22a4e45a88b286bf7fd7e91,Shane Johnston,5,True,Employed,male
991,1967-08-14,7418216ec9b448daaa0e9e96f46ea719,Mary Johnson,5,True,Employed,female
992,1979-08-15,9bb365b257ca4624ad7296e8885c8a0f,Nathan Johnson,4,False,Employed,male
993,1990-03-13,463602566daa4912b8db90bca708fadb,Maria Miller,5,False,Employed,female
994,1980-11-13,55bca69e364e436bb123e0d796469d25,Joyce Phillips,5,True,Employed,female
995,1982-04-21,1ad53cf155b44b4b8be6caa040b15bc4,Sara Hill,5,False,Employed,female
996,1985-11-15,6ff66eb064324e72a464e781d79629bf,Chad Diaz,5,False,Employed,male
997,1969-10-21,ff370ab09a6a4a5fa814a4be16e7a9e6,Carmen Henderson,5,False,Employed,female
998,1989-03-01,22919e53222b4bed859873bddcf1be20,Steven Woods,5,False,Employed,male
999,2001-08-27,ab73a804798f4953b99a710d5eebe2f7,Wyatt Jones,5,False,Undergrad,male
